Year,Month,Day,Date,Claims
1967,1,7,1/7/1967,208000
1967,1,14,1/14/1967,207000
1967,1,21,1/21/1967,217000
1967,1,28,1/28/1967,204000
1967,2,4,2/4/1967,216000
1967,2,11,2/11/1967,229000
1967,2,18,2/18/1967,229000
1967,2,25,2/25/1967,242000
1967,3,4,3/4/1967,310000
1967,3,11,3/11/1967,241000
1967,3,18,3/18/1967,245000
1967,3,25,3/25/1967,247000
1967,4,1,4/1/1967,259000
1967,4,8,4/8/1967,257000
1967,4,15,4/15/1967,299000
1967,4,22,4/22/1967,245000
1967,4,29,4/29/1967,255000
1967,5,6,5/6/1967,254000
1967,5,13,5/13/1967,231000
1967,5,20,5/20/1967,230000
1967,5,27,5/27/1967,228000
1967,6,3,6/3/1967,248000
1967,6,10,6/10/1967,238000
1967,6,17,6/17/1967,224000
1967,6,24,6/24/1967,218000
1967,7,1,7/1/1967,209000
1967,7,8,7/8/1967,240000
1967,7,15,7/15/1967,241000
1967,7,22,7/22/1967,240000
1967,7,29,7/29/1967,209000
1967,8,5,8/5/1967,221000
1967,8,12,8/12/1967,202000
1967,8,19,8/19/1967,215000
1967,8,26,8/26/1967,213000
1967,9,2,9/2/1967,218000
1967,9,9,9/9/1967,231000
1967,9,16,9/16/1967,220000
1967,9,23,9/23/1967,209000
1967,9,30,9/30/1967,204000
1967,10,7,10/7/1967,231000
1967,10,14,10/14/1967,206000
1967,10,21,10/21/1967,223000
1967,10,28,10/28/1967,207000
1967,11,4,11/4/1967,222000
1967,11,11,11/11/1967,214000
1967,11,18,11/18/1967,198000
1967,11,25,11/25/1967,191000
1967,12,2,12/2/1967,196000
1967,12,9,12/9/1967,221000
1967,12,16,12/16/1967,204000
1967,12,23,12/23/1967,219000
1967,12,30,12/30/1967,216000
1968,1,6,1/6/1968,222000
1968,1,13,1/13/1968,222000
1968,1,20,1/20/1968,221000
1968,1,27,1/27/1968,198000
1968,2,3,2/3/1968,244000
1968,2,10,2/10/1968,210000
1968,2,17,2/17/1968,196000
1968,2,24,2/24/1968,193000
1968,3,2,3/2/1968,190000
1968,3,9,3/9/1968,204000
1968,3,16,3/16/1968,190000
1968,3,23,3/23/1968,200000
1968,3,30,3/30/1968,192000
1968,4,6,4/6/1968,191000
1968,4,13,4/13/1968,171000
1968,4,20,4/20/1968,183000
1968,4,27,4/27/1968,251000
1968,5,4,5/4/1968,209000
1968,5,11,5/11/1968,194000
1968,5,18,5/18/1968,199000
1968,5,25,5/25/1968,194000
1968,6,1,6/1/1968,199000
1968,6,8,6/8/1968,192000
1968,6,15,6/15/1968,194000
1968,6,22,6/22/1968,189000
1968,6,29,6/29/1968,194000
1968,7,6,7/6/1968,214000
1968,7,13,7/13/1968,186000
1968,7,20,7/20/1968,180000
1968,7,27,7/27/1968,205000
1968,8,3,8/3/1968,206000
1968,8,10,8/10/1968,218000
1968,8,17,8/17/1968,192000
1968,8,24,8/24/1968,193000
1968,8,31,8/31/1968,188000
1968,9,7,9/7/1968,189000
1968,9,14,9/14/1968,195000
1968,9,21,9/21/1968,191000
1968,9,28,9/28/1968,189000
1968,10,5,10/5/1968,185000
1968,10,12,10/12/1968,186000
1968,10,19,10/19/1968,191000
1968,10,26,10/26/1968,182000
1968,11,2,11/2/1968,181000
1968,11,9,11/9/1968,183000
1968,11,16,11/16/1968,192000
1968,11,23,11/23/1968,199000
1968,11,30,11/30/1968,162000
1968,12,7,12/7/1968,188000
1968,12,14,12/14/1968,195000
1968,12,21,12/21/1968,192000
1968,12,28,12/28/1968,223000
1969,1,4,1/4/1969,190000
1969,1,11,1/11/1969,191000
1969,1,18,1/18/1969,192000
1969,1,25,1/25/1969,193000
1969,2,1,2/1/1969,203000
1969,2,8,2/8/1969,197000
1969,2,15,2/15/1969,192000
1969,2,22,2/22/1969,192000
1969,3,1,3/1/1969,201000
1969,3,8,3/8/1969,191000
1969,3,15,3/15/1969,189000
1969,3,22,3/22/1969,181000
1969,3,29,3/29/1969,183000
1969,4,5,4/5/1969,182000
1969,4,12,4/12/1969,190000
1969,4,19,4/19/1969,187000
1969,4,26,4/26/1969,177000
1969,5,3,5/3/1969,177000
1969,5,10,5/10/1969,183000
1969,5,17,5/17/1969,179000
1969,5,24,5/24/1969,180000
1969,5,31,5/31/1969,187000
1969,6,7,6/7/1969,192000
1969,6,14,6/14/1969,182000
1969,6,21,6/21/1969,191000
1969,6,28,6/28/1969,203000
1969,7,5,7/5/1969,227000
1969,7,12,7/12/1969,210000
1969,7,19,7/19/1969,206000
1969,7,26,7/26/1969,192000
1969,8,2,8/2/1969,196000
1969,8,9,8/9/1969,203000
1969,8,16,8/16/1969,199000
1969,8,23,8/23/1969,199000
1969,8,30,8/30/1969,195000
1969,9,6,9/6/1969,182000
1969,9,13,9/13/1969,209000
1969,9,20,9/20/1969,195000
1969,9,27,9/27/1969,193000
1969,10,4,10/4/1969,193000
1969,10,11,10/11/1969,200000
1969,10,18,10/18/1969,199000
1969,10,25,10/25/1969,205000
1969,11,1,11/1/1969,198000
1969,11,8,11/8/1969,211000
1969,11,15,11/15/1969,197000
1969,11,22,11/22/1969,217000
1969,11,29,11/29/1969,202000
1969,12,6,12/6/1969,202000
1969,12,13,12/13/1969,222000
1969,12,20,12/20/1969,232000
1969,12,27,12/27/1969,223000
1970,1,3,1/3/1970,230000
1970,1,10,1/10/1970,242000
1970,1,17,1/17/1970,268000
1970,1,24,1/24/1970,256000
1970,1,31,1/31/1970,239000
1970,2,7,2/7/1970,256000
1970,2,14,2/14/1970,265000
1970,2,21,2/21/1970,271000
1970,2,28,2/28/1970,242000
1970,3,7,3/7/1970,262000
1970,3,14,3/14/1970,271000
1970,3,21,3/21/1970,264000
1970,3,28,3/28/1970,276000
1970,4,4,4/4/1970,273000
1970,4,11,4/11/1970,305000
1970,4,18,4/18/1970,374000
1970,4,25,4/25/1970,349000
1970,5,2,5/2/1970,334000
1970,5,9,5/9/1970,318000
1970,5,16,5/16/1970,303000
1970,5,23,5/23/1970,296000
1970,5,30,5/30/1970,301000
1970,6,6,6/6/1970,301000
1970,6,13,6/13/1970,298000
1970,6,20,6/20/1970,296000
1970,6,27,6/27/1970,291000
1970,7,4,7/4/1970,277000
1970,7,11,7/11/1970,288000
1970,7,18,7/18/1970,294000
1970,7,25,7/25/1970,287000
1970,8,1,8/1/1970,261000
1970,8,8,8/8/1970,266000
1970,8,15,8/15/1970,300000
1970,8,22,8/22/1970,303000
1970,8,29,8/29/1970,297000
1970,9,5,9/5/1970,324000
1970,9,12,9/12/1970,292000
1970,9,19,9/19/1970,325000
1970,9,26,9/26/1970,333000
1970,10,3,10/3/1970,350000
1970,10,10,10/10/1970,327000
1970,10,17,10/17/1970,334000
1970,10,24,10/24/1970,330000
1970,10,31,10/31/1970,327000
1970,11,7,11/7/1970,336000
1970,11,14,11/14/1970,314000
1970,11,21,11/21/1970,314000
1970,11,28,11/28/1970,337000
1970,12,5,12/5/1970,308000
1970,12,12,12/12/1970,306000
1970,12,19,12/19/1970,289000
1970,12,26,12/26/1970,321000
1971,1,2,1/2/1971,303000
1971,1,9,1/9/1971,288000
1971,1,16,1/16/1971,299000
1971,1,23,1/23/1971,312000
1971,1,30,1/30/1971,292000
1971,2,6,2/6/1971,296000
1971,2,13,2/13/1971,282000
1971,2,20,2/20/1971,268000
1971,2,27,2/27/1971,290000
1971,3,6,3/6/1971,297000
1971,3,13,3/13/1971,287000
1971,3,20,3/20/1971,291000
1971,3,27,3/27/1971,300000
1971,4,3,4/3/1971,299000
1971,4,10,4/10/1971,279000
1971,4,17,4/17/1971,284000
1971,4,24,4/24/1971,288000
1971,5,1,5/1/1971,290000
1971,5,8,5/8/1971,293000
1971,5,15,5/15/1971,284000
1971,5,22,5/22/1971,295000
1971,5,29,5/29/1971,299000
1971,6,5,6/5/1971,301000
1971,6,12,6/12/1971,295000
1971,6,19,6/19/1971,299000
1971,6,26,6/26/1971,291000
1971,7,3,7/3/1971,277000
1971,7,10,7/10/1971,264000
1971,7,17,7/17/1971,313000
1971,7,24,7/24/1971,304000
1971,7,31,7/31/1971,308000
1971,8,7,8/7/1971,349000
1971,8,14,8/14/1971,325000
1971,8,21,8/21/1971,320000
1971,8,28,8/28/1971,307000
1971,9,4,9/4/1971,359000
1971,9,11,9/11/1971,312000
1971,9,18,9/18/1971,302000
1971,9,25,9/25/1971,308000
1971,10,2,10/2/1971,299000
1971,10,9,10/9/1971,313000
1971,10,16,10/16/1971,299000
1971,10,23,10/23/1971,294000
1971,10,30,10/30/1971,283000
1971,11,6,11/6/1971,301000
1971,11,13,11/13/1971,295000
1971,11,20,11/20/1971,274000
1971,11,27,11/27/1971,278000
1971,12,4,12/4/1971,299000
1971,12,11,12/11/1971,280000
1971,12,18,12/18/1971,269000
1971,12,25,12/25/1971,244000
1972,1,1,1/1/1972,279000
1972,1,8,1/8/1972,295000
1972,1,15,1/15/1972,250000
1972,1,22,1/22/1972,263000
1972,1,29,1/29/1972,269000
1972,2,5,2/5/1972,276000
1972,2,12,2/12/1972,266000
1972,2,19,2/19/1972,258000
1972,2,26,2/26/1972,254000
1972,3,4,3/4/1972,257000
1972,3,11,3/11/1972,264000
1972,3,18,3/18/1972,266000
1972,3,25,3/25/1972,264000
1972,4,1,4/1/1972,258000
1972,4,8,4/8/1972,274000
1972,4,15,4/15/1972,259000
1972,4,22,4/22/1972,259000
1972,4,29,4/29/1972,265000
1972,5,6,5/6/1972,271000
1972,5,13,5/13/1972,266000
1972,5,20,5/20/1972,267000
1972,5,27,5/27/1972,267000
1972,6,3,6/3/1972,264000
1972,6,10,6/10/1972,268000
1972,6,17,6/17/1972,275000
1972,6,24,6/24/1972,286000
1972,7,1,7/1/1972,350000
1972,7,8,7/8/1972,297000
1972,7,15,7/15/1972,318000
1972,7,22,7/22/1972,276000
1972,7,29,7/29/1972,247000
1972,8,5,8/5/1972,250000
1972,8,12,8/12/1972,246000
1972,8,19,8/19/1972,256000
1972,8,26,8/26/1972,262000
1972,9,2,9/2/1972,258000
1972,9,9,9/9/1972,259000
1972,9,16,9/16/1972,258000
1972,9,23,9/23/1972,255000
1972,9,30,9/30/1972,251000
1972,10,7,10/7/1972,263000
1972,10,14,10/14/1972,250000
1972,10,21,10/21/1972,257000
1972,10,28,10/28/1972,234000
1972,11,4,11/4/1972,255000
1972,11,11,11/11/1972,242000
1972,11,18,11/18/1972,271000
1972,11,25,11/25/1972,235000
1972,12,2,12/2/1972,226000
1972,12,9,12/9/1972,252000
1972,12,16,12/16/1972,263000
1972,12,23,12/23/1972,246000
1972,12,30,12/30/1972,225000
1973,1,6,1/6/1973,226000
1973,1,13,1/13/1973,245000
1973,1,20,1/20/1973,229000
1973,1,27,1/27/1973,214000
1973,2,3,2/3/1973,228000
1973,2,10,2/10/1973,226000
1973,2,17,2/17/1973,216000
1973,2,24,2/24/1973,218000
1973,3,3,3/3/1973,225000
1973,3,10,3/10/1973,229000
1973,3,17,3/17/1973,228000
1973,3,24,3/24/1973,232000
1973,3,31,3/31/1973,222000
1973,4,7,4/7/1973,247000
1973,4,14,4/14/1973,230000
1973,4,21,4/21/1973,243000
1973,4,28,4/28/1973,236000
1973,5,5,5/5/1973,248000
1973,5,12,5/12/1973,238000
1973,5,19,5/19/1973,237000
1973,5,26,5/26/1973,238000
1973,6,2,6/2/1973,232000
1973,6,9,6/9/1973,246000
1973,6,16,6/16/1973,237000
1973,6,23,6/23/1973,242000
1973,6,30,6/30/1973,237000
1973,7,7,7/7/1973,248000
1973,7,14,7/14/1973,232000
1973,7,21,7/21/1973,241000
1973,7,28,7/28/1973,250000
1973,8,4,8/4/1973,256000
1973,8,11,8/11/1973,265000
1973,8,18,8/18/1973,258000
1973,8,25,8/25/1973,254000
1973,9,1,9/1/1973,242000
1973,9,8,9/8/1973,252000
1973,9,15,9/15/1973,245000
1973,9,22,9/22/1973,246000
1973,9,29,9/29/1973,249000
1973,10,6,10/6/1973,236000
1973,10,13,10/13/1973,246000
1973,10,20,10/20/1973,249000
1973,10,27,10/27/1973,235000
1973,11,3,11/3/1973,246000
1973,11,10,11/10/1973,282000
1973,11,17,11/17/1973,254000
1973,11,24,11/24/1973,233000
1973,12,1,12/1/1973,256000
1973,12,8,12/8/1973,266000
1973,12,15,12/15/1973,272000
1973,12,22,12/22/1973,326000
1973,12,29,12/29/1973,300000
1974,1,5,1/5/1974,269000
1974,1,12,1/12/1974,340000
1974,1,19,1/19/1974,321000
1974,1,26,1/26/1974,291000
1974,2,2,2/2/1974,302000
1974,2,9,2/9/1974,369000
1974,2,16,2/16/1974,311000
1974,2,23,2/23/1974,292000
1974,3,2,3/2/1974,301000
1974,3,9,3/9/1974,305000
1974,3,16,3/16/1974,315000
1974,3,23,3/23/1974,314000
1974,3,30,3/30/1974,323000
1974,4,6,4/6/1974,296000
1974,4,13,4/13/1974,297000
1974,4,20,4/20/1974,296000
1974,4,27,4/27/1974,283000
1974,5,4,5/4/1974,287000
1974,5,11,5/11/1974,296000
1974,5,18,5/18/1974,298000
1974,5,25,5/25/1974,309000
1974,6,1,6/1/1974,278000
1974,6,8,6/8/1974,314000
1974,6,15,6/15/1974,303000
1974,6,22,6/22/1974,308000
1974,6,29,6/29/1974,325000
1974,7,6,7/6/1974,311000
1974,7,13,7/13/1974,304000
1974,7,20,7/20/1974,303000
1974,7,27,7/27/1974,320000
1974,8,3,8/3/1974,335000
1974,8,10,8/10/1974,347000
1974,8,17,8/17/1974,332000
1974,8,24,8/24/1974,343000
1974,8,31,8/31/1974,350000
1974,9,7,9/7/1974,350000
1974,9,14,9/14/1974,357000
1974,9,21,9/21/1974,370000
1974,9,28,9/28/1974,366000
1974,10,5,10/5/1974,371000
1974,10,12,10/12/1974,413000
1974,10,19,10/19/1974,389000
1974,10,26,10/26/1974,414000
1974,11,2,11/2/1974,406000
1974,11,9,11/9/1974,441000
1974,11,16,11/16/1974,449000
1974,11,23,11/23/1974,518000
1974,11,30,11/30/1974,474000
1974,12,7,12/7/1974,528000
1974,12,14,12/14/1974,510000
1974,12,21,12/21/1974,521000
1974,12,28,12/28/1974,537000
1975,1,4,1/4/1975,456000
1975,1,11,1/11/1975,554000
1975,1,18,1/18/1975,575000
1975,1,25,1/25/1975,555000
1975,2,1,2/1/1975,559000
1975,2,8,2/8/1975,545000
1975,2,15,2/15/1975,530000
1975,2,22,2/22/1975,544000
1975,3,1,3/1/1975,546000
1975,3,8,3/8/1975,551000
1975,3,15,3/15/1975,531000
1975,3,22,3/22/1975,550000
1975,3,29,3/29/1975,555000
1975,4,5,4/5/1975,537000
1975,4,12,4/12/1975,520000
1975,4,19,4/19/1975,531000
1975,4,26,4/26/1975,513000
1975,5,3,5/3/1975,505000
1975,5,10,5/10/1975,507000
1975,5,17,5/17/1975,514000
1975,5,24,5/24/1975,493000
1975,5,31,5/31/1975,475000
1975,6,7,6/7/1975,529000
1975,6,14,6/14/1975,497000
1975,6,21,6/21/1975,497000
1975,6,28,6/28/1975,459000
1975,7,5,7/5/1975,423000
1975,7,12,7/12/1975,446000
1975,7,19,7/19/1975,445000
1975,7,26,7/26/1975,454000
1975,8,2,8/2/1975,454000
1975,8,9,8/9/1975,459000
1975,8,16,8/16/1975,444000
1975,8,23,8/23/1975,457000
1975,8,30,8/30/1975,446000
1975,9,6,9/6/1975,447000
1975,9,13,9/13/1975,456000
1975,9,20,9/20/1975,433000
1975,9,27,9/27/1975,445000
1975,10,4,10/4/1975,426000
1975,10,11,10/11/1975,429000
1975,10,18,10/18/1975,404000
1975,10,25,10/25/1975,426000
1975,11,1,11/1/1975,414000
1975,11,8,11/8/1975,415000
1975,11,15,11/15/1975,386000
1975,11,22,11/22/1975,401000
1975,11,29,11/29/1975,387000
1975,12,6,12/6/1975,373000
1975,12,13,12/13/1975,368000
1975,12,20,12/20/1975,365000
1975,12,27,12/27/1975,391000
1976,1,3,1/3/1976,362000
1976,1,10,1/10/1976,402000
1976,1,17,1/17/1976,370000
1976,1,24,1/24/1976,363000
1976,1,31,1/31/1976,359000
1976,2,7,2/7/1976,353000
1976,2,14,2/14/1976,344000
1976,2,21,2/21/1976,347000
1976,2,28,2/28/1976,349000
1976,3,6,3/6/1976,348000
1976,3,13,3/13/1976,360000
1976,3,20,3/20/1976,368000
1976,3,27,3/27/1976,366000
1976,4,3,4/3/1976,380000
1976,4,10,4/10/1976,373000
1976,4,17,4/17/1976,361000
1976,4,24,4/24/1976,367000
1976,5,1,5/1/1976,385000
1976,5,8,5/8/1976,395000
1976,5,15,5/15/1976,382000
1976,5,22,5/22/1976,394000
1976,5,29,5/29/1976,402000
1976,6,5,6/5/1976,382000
1976,6,12,6/12/1976,407000
1976,6,19,6/19/1976,399000
1976,6,26,6/26/1976,387000
1976,7,3,7/3/1976,394000
1976,7,10,7/10/1976,372000
1976,7,17,7/17/1976,406000
1976,7,24,7/24/1976,394000
1976,7,31,7/31/1976,388000
1976,8,7,8/7/1976,378000
1976,8,14,8/14/1976,382000
1976,8,21,8/21/1976,400000
1976,8,28,8/28/1976,394000
1976,9,4,9/4/1976,421000
1976,9,11,9/11/1976,383000
1976,9,18,9/18/1976,403000
1976,9,25,9/25/1976,423000
1976,10,2,10/2/1976,408000
1976,10,9,10/9/1976,411000
1976,10,16,10/16/1976,403000
1976,10,23,10/23/1976,409000
1976,10,30,10/30/1976,414000
1976,11,6,11/6/1976,390000
1976,11,13,11/13/1976,383000
1976,11,20,11/20/1976,408000
1976,11,27,11/27/1976,377000
1976,12,4,12/4/1976,402000
1976,12,11,12/11/1976,395000
1976,12,18,12/18/1976,365000
1976,12,25,12/25/1976,333000
1977,1,1,1/1/1977,380000
1977,1,8,1/8/1977,416000
1977,1,15,1/15/1977,368000
1977,1,22,1/22/1977,423000
1977,1,29,1/29/1977,422000
1977,2,5,2/5/1977,565000
1977,2,12,2/12/1977,477000
1977,2,19,2/19/1977,399000
1977,2,26,2/26/1977,362000
1977,3,5,3/5/1977,361000
1977,3,12,3/12/1977,355000
1977,3,19,3/19/1977,369000
1977,3,26,3/26/1977,356000
1977,4,2,4/2/1977,350000
1977,4,9,4/9/1977,376000
1977,4,16,4/16/1977,361000
1977,4,23,4/23/1977,375000
1977,4,30,4/30/1977,375000
1977,5,7,5/7/1977,384000
1977,5,14,5/14/1977,381000
1977,5,21,5/21/1977,375000
1977,5,28,5/28/1977,381000
1977,6,4,6/4/1977,363000
1977,6,11,6/11/1977,358000
1977,6,18,6/18/1977,359000
1977,6,25,6/25/1977,365000
1977,7,2,7/2/1977,350000
1977,7,9,7/9/1977,361000
1977,7,16,7/16/1977,366000
1977,7,23,7/23/1977,365000
1977,7,30,7/30/1977,365000
1977,8,6,8/6/1977,378000
1977,8,13,8/13/1977,359000
1977,8,20,8/20/1977,367000
1977,8,27,8/27/1977,365000
1977,9,3,9/3/1977,374000
1977,9,10,9/10/1977,359000
1977,9,17,9/17/1977,362000
1977,9,24,9/24/1977,380000
1977,10,1,10/1/1977,348000
1977,10,8,10/8/1977,365000
1977,10,15,10/15/1977,358000
1977,10,22,10/22/1977,375000
1977,10,29,10/29/1977,349000
1977,11,5,11/5/1977,366000
1977,11,12,11/12/1977,334000
1977,11,19,11/19/1977,360000
1977,11,26,11/26/1977,354000
1977,12,3,12/3/1977,367000
1977,12,10,12/10/1977,364000
1977,12,17,12/17/1977,359000
1977,12,24,12/24/1977,344000
1977,12,31,12/31/1977,364000
1978,1,7,1/7/1978,346000
1978,1,14,1/14/1978,343000
1978,1,21,1/21/1978,352000
1978,1,28,1/28/1978,363000
1978,2,4,2/4/1978,360000
1978,2,11,2/11/1978,373000
1978,2,18,2/18/1978,429000
1978,2,25,2/25/1978,371000
1978,3,4,3/4/1978,355000
1978,3,11,3/11/1978,359000
1978,3,18,3/18/1978,347000
1978,3,25,3/25/1978,335000
1978,4,1,4/1/1978,333000
1978,4,8,4/8/1978,345000
1978,4,15,4/15/1978,309000
1978,4,22,4/22/1978,319000
1978,4,29,4/29/1978,324000
1978,5,6,5/6/1978,334000
1978,5,13,5/13/1978,322000
1978,5,20,5/20/1978,334000
1978,5,27,5/27/1978,318000
1978,6,3,6/3/1978,310000
1978,6,10,6/10/1978,331000
1978,6,17,6/17/1978,326000
1978,6,24,6/24/1978,330000
1978,7,1,7/1/1978,348000
1978,7,8,7/8/1978,356000
1978,7,15,7/15/1978,352000
1978,7,22,7/22/1978,349000
1978,7,29,7/29/1978,346000
1978,8,5,8/5/1978,365000
1978,8,12,8/12/1978,354000
1978,8,19,8/19/1978,343000
1978,8,26,8/26/1978,333000
1978,9,2,9/2/1978,313000
1978,9,9,9/9/1978,337000
1978,9,16,9/16/1978,322000
1978,9,23,9/23/1978,323000
1978,9,30,9/30/1978,318000
1978,10,7,10/7/1978,343000
1978,10,14,10/14/1978,316000
1978,10,21,10/21/1978,338000
1978,10,28,10/28/1978,316000
1978,11,4,11/4/1978,317000
1978,11,11,11/11/1978,304000
1978,11,18,11/18/1978,342000
1978,11,25,11/25/1978,359000
1978,12,2,12/2/1978,377000
1978,12,9,12/9/1978,344000
1978,12,16,12/16/1978,347000
1978,12,23,12/23/1978,352000
1978,12,30,12/30/1978,358000
1979,1,6,1/6/1979,359000
1979,1,13,1/13/1979,392000
1979,1,20,1/20/1979,337000
1979,1,27,1/27/1979,342000
1979,2,3,2/3/1979,348000
1979,2,10,2/10/1979,359000
1979,2,17,2/17/1979,367000
1979,2,24,2/24/1979,360000
1979,3,3,3/3/1979,355000
1979,3,10,3/10/1979,363000
1979,3,17,3/17/1979,359000
1979,3,24,3/24/1979,353000
1979,3,31,3/31/1979,360000
1979,4,7,4/7/1979,465000
1979,4,14,4/14/1979,457000
1979,4,21,4/21/1979,383000
1979,4,28,4/28/1979,357000
1979,5,5,5/5/1979,353000
1979,5,12,5/12/1979,344000
1979,5,19,5/19/1979,346000
1979,5,26,5/26/1979,349000
1979,6,2,6/2/1979,336000
1979,6,9,6/9/1979,365000
1979,6,16,6/16/1979,351000
1979,6,23,6/23/1979,379000
1979,6,30,6/30/1979,369000
1979,7,7,7/7/1979,368000
1979,7,14,7/14/1979,368000
1979,7,21,7/21/1979,395000
1979,7,28,7/28/1979,386000
1979,8,4,8/4/1979,412000
1979,8,11,8/11/1979,386000
1979,8,18,8/18/1979,387000
1979,8,25,8/25/1979,390000
1979,9,1,9/1/1979,389000
1979,9,8,9/8/1979,378000
1979,9,15,9/15/1979,384000
1979,9,22,9/22/1979,388000
1979,9,29,9/29/1979,390000
1979,10,6,10/6/1979,412000
1979,10,13,10/13/1979,393000
1979,10,20,10/20/1979,406000
1979,10,27,10/27/1979,398000
1979,11,3,11/3/1979,395000
1979,11,10,11/10/1979,414000
1979,11,17,11/17/1979,430000
1979,11,24,11/24/1979,414000
1979,12,1,12/1/1979,416000
1979,12,8,12/8/1979,415000
1979,12,15,12/15/1979,411000
1979,12,22,12/22/1979,471000
1979,12,29,12/29/1979,428000
1980,1,5,1/5/1980,394000
1980,1,12,1/12/1980,405000
1980,1,19,1/19/1980,446000
1980,1,26,1/26/1980,412000
1980,2,2,2/2/1980,404000
1980,2,9,2/9/1980,425000
1980,2,16,2/16/1980,415000
1980,2,23,2/23/1980,428000
1980,3,1,3/1/1980,409000
1980,3,8,3/8/1980,418000
1980,3,15,3/15/1980,432000
1980,3,22,3/22/1980,435000
1980,3,29,3/29/1980,475000
1980,4,5,4/5/1980,464000
1980,4,12,4/12/1980,544000
1980,4,19,4/19/1980,548000
1980,4,26,4/26/1980,563000
1980,5,3,5/3/1980,572000
1980,5,10,5/10/1980,601000
1980,5,17,5/17/1980,642000
1980,5,24,5/24/1980,627000
1980,5,31,5/31/1980,637000
1980,6,7,6/7/1980,610000
1980,6,14,6/14/1980,592000
1980,6,21,6/21/1980,599000
1980,6,28,6/28/1980,627000
1980,7,5,7/5/1980,579000
1980,7,12,7/12/1980,533000
1980,7,19,7/19/1980,567000
1980,7,26,7/26/1980,558000
1980,8,2,8/2/1980,569000
1980,8,9,8/9/1980,533000
1980,8,16,8/16/1980,525000
1980,8,23,8/23/1980,512000
1980,8,30,8/30/1980,502000
1980,9,6,9/6/1980,511000
1980,9,13,9/13/1980,492000
1980,9,20,9/20/1980,465000
1980,9,27,9/27/1980,463000
1980,10,4,10/4/1980,462000
1980,10,11,10/11/1980,447000
1980,10,18,10/18/1980,425000
1980,10,25,10/25/1980,418000
1980,11,1,11/1/1980,419000
1980,11,8,11/8/1980,407000
1980,11,15,11/15/1980,427000
1980,11,22,11/22/1980,398000
1980,11,29,11/29/1980,412000
1980,12,6,12/6/1980,416000
1980,12,13,12/13/1980,413000
1980,12,20,12/20/1980,412000
1980,12,27,12/27/1980,399000
1981,1,3,1/3/1981,410000
1981,1,10,1/10/1981,419000
1981,1,17,1/17/1981,421000
1981,1,24,1/24/1981,396000
1981,1,31,1/31/1981,419000
1981,2,7,2/7/1981,420000
1981,2,14,2/14/1981,423000
1981,2,21,2/21/1981,438000
1981,2,28,2/28/1981,434000
1981,3,7,3/7/1981,409000
1981,3,14,3/14/1981,408000
1981,3,21,3/21/1981,401000
1981,3,28,3/28/1981,412000
1981,4,4,4/4/1981,417000
1981,4,11,4/11/1981,396000
1981,4,18,4/18/1981,392000
1981,4,25,4/25/1981,436000
1981,5,2,5/2/1981,413000
1981,5,9,5/9/1981,423000
1981,5,16,5/16/1981,414000
1981,5,23,5/23/1981,415000
1981,5,30,5/30/1981,417000
1981,6,6,6/6/1981,428000
1981,6,13,6/13/1981,425000
1981,6,20,6/20/1981,435000
1981,6,27,6/27/1981,444000
1981,7,4,7/4/1981,460000
1981,7,11,7/11/1981,426000
1981,7,18,7/18/1981,430000
1981,7,25,7/25/1981,407000
1981,8,1,8/1/1981,476000
1981,8,8,8/8/1981,448000
1981,8,15,8/15/1981,442000
1981,8,22,8/22/1981,434000
1981,8,29,8/29/1981,451000
1981,9,5,9/5/1981,473000
1981,9,12,9/12/1981,454000
1981,9,19,9/19/1981,475000
1981,9,26,9/26/1981,491000
1981,10,3,10/3/1981,489000
1981,10,10,10/10/1981,491000
1981,10,17,10/17/1981,487000
1981,10,24,10/24/1981,483000
1981,10,31,10/31/1981,514000
1981,11,7,11/7/1981,514000
1981,11,14,11/14/1981,517000
1981,11,21,11/21/1981,464000
1981,11,28,11/28/1981,552000
1981,12,5,12/5/1981,558000
1981,12,12,12/12/1981,551000
1981,12,19,12/19/1981,539000
1981,12,26,12/26/1981,556000
1982,1,2,1/2/1982,495000
1982,1,9,1/9/1982,545000
1982,1,16,1/16/1982,489000
1982,1,23,1/23/1982,564000
1982,1,30,1/30/1982,583000
1982,2,6,2/6/1982,556000
1982,2,13,2/13/1982,507000
1982,2,20,2/20/1982,544000
1982,2,27,2/27/1982,528000
1982,3,6,3/6/1982,556000
1982,3,13,3/13/1982,539000
1982,3,20,3/20/1982,557000
1982,3,27,3/27/1982,574000
1982,4,3,4/3/1982,578000
1982,4,10,4/10/1982,585000
1982,4,17,4/17/1982,597000
1982,4,24,4/24/1982,588000
1982,5,1,5/1/1982,576000
1982,5,8,5/8/1982,584000
1982,5,15,5/15/1982,585000
1982,5,22,5/22/1982,586000
1982,5,29,5/29/1982,588000
1982,6,5,6/5/1982,611000
1982,6,12,6/12/1982,614000
1982,6,19,6/19/1982,591000
1982,6,26,6/26/1982,582000
1982,7,3,7/3/1982,600000
1982,7,10,7/10/1982,572000
1982,7,17,7/17/1982,567000
1982,7,24,7/24/1982,536000
1982,7,31,7/31/1982,605000
1982,8,7,8/7/1982,606000
1982,8,14,8/14/1982,637000
1982,8,21,8/21/1982,628000
1982,8,28,8/28/1982,647000
1982,9,4,9/4/1982,651000
1982,9,11,9/11/1982,641000
1982,9,18,9/18/1982,680000
1982,9,25,9/25/1982,671000
1982,10,2,10/2/1982,695000
1982,10,9,10/9/1982,651000
1982,10,16,10/16/1982,656000
1982,10,23,10/23/1982,623000
1982,10,30,10/30/1982,637000
1982,11,6,11/6/1982,589000
1982,11,13,11/13/1982,599000
1982,11,20,11/20/1982,577000
1982,11,27,11/27/1982,612000
1982,12,4,12/4/1982,557000
1982,12,11,12/11/1982,533000
1982,12,18,12/18/1982,516000
1982,12,25,12/25/1982,489000
1983,1,1,1/1/1983,534000
1983,1,8,1/8/1983,510000
1983,1,15,1/15/1983,479000
1983,1,22,1/22/1983,479000
1983,1,29,1/29/1983,503000
1983,2,5,2/5/1983,501000
1983,2,12,2/12/1983,486000
1983,2,19,2/19/1983,487000
1983,2,26,2/26/1983,481000
1983,3,5,3/5/1983,495000
1983,3,12,3/12/1983,475000
1983,3,19,3/19/1983,470000
1983,3,26,3/26/1983,481000
1983,4,2,4/2/1983,491000
1983,4,9,4/9/1983,496000
1983,4,16,4/16/1983,515000
1983,4,23,4/23/1983,488000
1983,4,30,4/30/1983,490000
1983,5,7,5/7/1983,494000
1983,5,14,5/14/1983,464000
1983,5,21,5/21/1983,460000
1983,5,28,5/28/1983,454000
1983,6,4,6/4/1983,459000
1983,6,11,6/11/1983,442000
1983,6,18,6/18/1983,434000
1983,6,25,6/25/1983,442000
1983,7,2,7/2/1983,422000
1983,7,9,7/9/1983,412000
1983,7,16,7/16/1983,396000
1983,7,23,7/23/1983,395000
1983,7,30,7/30/1983,415000
1983,8,6,8/6/1983,415000
1983,8,13,8/13/1983,457000
1983,8,20,8/20/1983,445000
1983,8,27,8/27/1983,426000
1983,9,3,9/3/1983,411000
1983,9,10,9/10/1983,403000
1983,9,17,9/17/1983,405000
1983,9,24,9/24/1983,416000
1983,10,1,10/1/1983,413000
1983,10,8,10/8/1983,406000
1983,10,15,10/15/1983,394000
1983,10,22,10/22/1983,394000
1983,10,29,10/29/1983,404000
1983,11,5,11/5/1983,395000
1983,11,12,11/12/1983,390000
1983,11,19,11/19/1983,387000
1983,11,26,11/26/1983,398000
1983,12,3,12/3/1983,365000
1983,12,10,12/10/1983,368000
1983,12,17,12/17/1983,362000
1983,12,24,12/24/1983,377000
1983,12,31,12/31/1983,372000
1984,1,7,1/7/1984,356000
1984,1,14,1/14/1984,351000
1984,1,21,1/21/1984,333000
1984,1,28,1/28/1984,364000
1984,2,4,2/4/1984,342000
1984,2,11,2/11/1984,338000
1984,2,18,2/18/1984,334000
1984,2,25,2/25/1984,343000
1984,3,3,3/3/1984,347000
1984,3,10,3/10/1984,346000
1984,3,17,3/17/1984,349000
1984,3,24,3/24/1984,346000
1984,3,31,3/31/1984,341000
1984,4,7,4/7/1984,381000
1984,4,14,4/14/1984,357000
1984,4,21,4/21/1984,364000
1984,4,28,4/28/1984,375000
1984,5,5,5/5/1984,365000
1984,5,12,5/12/1984,368000
1984,5,19,5/19/1984,354000
1984,5,26,5/26/1984,354000
1984,6,2,6/2/1984,355000
1984,6,9,6/9/1984,369000
1984,6,16,6/16/1984,361000
1984,6,23,6/23/1984,362000
1984,6,30,6/30/1984,360000
1984,7,7,7/7/1984,366000
1984,7,14,7/14/1984,360000
1984,7,21,7/21/1984,357000
1984,7,28,7/28/1984,359000
1984,8,4,8/4/1984,382000
1984,8,11,8/11/1984,380000
1984,8,18,8/18/1984,401000
1984,8,25,8/25/1984,395000
1984,9,1,9/1/1984,385000
1984,9,8,9/8/1984,402000
1984,9,15,9/15/1984,393000
1984,9,22,9/22/1984,395000
1984,9,29,9/29/1984,402000
1984,10,6,10/6/1984,403000
1984,10,13,10/13/1984,410000
1984,10,20,10/20/1984,439000
1984,10,27,10/27/1984,425000
1984,11,3,11/3/1984,423000
1984,11,10,11/10/1984,393000
1984,11,17,11/17/1984,383000
1984,11,24,11/24/1984,429000
1984,12,1,12/1/1984,401000
1984,12,8,12/8/1984,383000
1984,12,15,12/15/1984,386000
1984,12,22,12/22/1984,379000
1984,12,29,12/29/1984,379000
1985,1,5,1/5/1985,369000
1985,1,12,1/12/1985,387000
1985,1,19,1/19/1985,359000
1985,1,26,1/26/1985,368000
1985,2,2,2/2/1985,386000
1985,2,9,2/9/1985,401000
1985,2,16,2/16/1985,390000
1985,2,23,2/23/1985,390000
1985,3,2,3/2/1985,374000
1985,3,9,3/9/1985,385000
1985,3,16,3/16/1985,386000
1985,3,23,3/23/1985,373000
1985,3,30,3/30/1985,386000
1985,4,6,4/6/1985,405000
1985,4,13,4/13/1985,411000
1985,4,20,4/20/1985,391000
1985,4,27,4/27/1985,386000
1985,5,4,5/4/1985,390000
1985,5,11,5/11/1985,394000
1985,5,18,5/18/1985,391000
1985,5,25,5/25/1985,396000
1985,6,1,6/1/1985,393000
1985,6,8,6/8/1985,403000
1985,6,15,6/15/1985,390000
1985,6,22,6/22/1985,386000
1985,6,29,6/29/1985,390000
1985,7,6,7/6/1985,395000
1985,7,13,7/13/1985,386000
1985,7,20,7/20/1985,370000
1985,7,27,7/27/1985,362000
1985,8,3,8/3/1985,407000
1985,8,10,8/10/1985,402000
1985,8,17,8/17/1985,399000
1985,8,24,8/24/1985,405000
1985,8,31,8/31/1985,409000
1985,9,7,9/7/1985,426000
1985,9,14,9/14/1985,408000
1985,9,21,9/21/1985,401000
1985,9,28,9/28/1985,399000
1985,10,5,10/5/1985,405000
1985,10,12,10/12/1985,400000
1985,10,19,10/19/1985,400000
1985,10,26,10/26/1985,418000
1985,11,2,11/2/1985,398000
1985,11,9,11/9/1985,397000
1985,11,16,11/16/1985,397000
1985,11,23,11/23/1985,382000
1985,11,30,11/30/1985,393000
1985,12,7,12/7/1985,399000
1985,12,14,12/14/1985,382000
1985,12,21,12/21/1985,370000
1985,12,28,12/28/1985,390000
1986,1,4,1/4/1986,362000
1986,1,11,1/11/1986,397000
1986,1,18,1/18/1986,364000
1986,1,25,1/25/1986,344000
1986,2,1,2/1/1986,364000
1986,2,8,2/8/1986,366000
1986,2,15,2/15/1986,358000
1986,2,22,2/22/1986,390000
1986,3,1,3/1/1986,375000
1986,3,8,3/8/1986,366000
1986,3,15,3/15/1986,382000
1986,3,22,3/22/1986,387000
1986,3,29,3/29/1986,396000
1986,4,5,4/5/1986,381000
1986,4,12,4/12/1986,388000
1986,4,19,4/19/1986,383000
1986,4,26,4/26/1986,391000
1986,5,3,5/3/1986,392000
1986,5,10,5/10/1986,395000
1986,5,17,5/17/1986,384000
1986,5,24,5/24/1986,386000
1986,5,31,5/31/1986,373000
1986,6,7,6/7/1986,375000
1986,6,14,6/14/1986,369000
1986,6,21,6/21/1986,367000
1986,6,28,6/28/1986,371000
1986,7,5,7/5/1986,371000
1986,7,12,7/12/1986,361000
1986,7,19,7/19/1986,354000
1986,7,26,7/26/1986,362000
1986,8,2,8/2/1986,416000
1986,8,9,8/9/1986,416000
1986,8,16,8/16/1986,407000
1986,8,23,8/23/1986,397000
1986,8,30,8/30/1986,401000
1986,9,6,9/6/1986,400000
1986,9,13,9/13/1986,394000
1986,9,20,9/20/1986,399000
1986,9,27,9/27/1986,389000
1986,10,4,10/4/1986,391000
1986,10,11,10/11/1986,387000
1986,10,18,10/18/1986,385000
1986,10,25,10/25/1986,370000
1986,11,1,11/1/1986,364000
1986,11,8,11/8/1986,349000
1986,11,15,11/15/1986,368000
1986,11,22,11/22/1986,369000
1986,11,29,11/29/1986,366000
1986,12,6,12/6/1986,363000
1986,12,13,12/13/1986,375000
1986,12,20,12/20/1986,350000
1986,12,27,12/27/1986,345000
1987,1,3,1/3/1987,323000
1987,1,10,1/10/1987,348000
1987,1,17,1/17/1987,341000
1987,1,24,1/24/1987,346000
1987,1,31,1/31/1987,370000
1987,2,7,2/7/1987,368000
1987,2,14,2/14/1987,338000
1987,2,21,2/21/1987,341000
1987,2,28,2/28/1987,348000
1987,3,7,3/7/1987,337000
1987,3,14,3/14/1987,335000
1987,3,21,3/21/1987,335000
1987,3,28,3/28/1987,326000
1987,4,4,4/4/1987,330000
1987,4,11,4/11/1987,338000
1987,4,18,4/18/1987,349000
1987,4,25,4/25/1987,328000
1987,5,2,5/2/1987,330000
1987,5,9,5/9/1987,315000
1987,5,16,5/16/1987,341000
1987,5,23,5/23/1987,343000
1987,5,30,5/30/1987,326000
1987,6,6,6/6/1987,328000
1987,6,13,6/13/1987,316000
1987,6,20,6/20/1987,319000
1987,6,27,6/27/1987,326000
1987,7,4,7/4/1987,326000
1987,7,11,7/11/1987,317000
1987,7,18,7/18/1987,310000
1987,7,25,7/25/1987,324000
1987,8,1,8/1/1987,348000
1987,8,8,8/8/1987,327000
1987,8,15,8/15/1987,319000
1987,8,22,8/22/1987,312000
1987,8,29,8/29/1987,322000
1987,9,5,9/5/1987,316000
1987,9,12,9/12/1987,297000
1987,9,19,9/19/1987,309000
1987,9,26,9/26/1987,317000
1987,10,3,10/3/1987,301000
1987,10,10,10/10/1987,308000
1987,10,17,10/17/1987,301000
1987,10,24,10/24/1987,301000
1987,10,31,10/31/1987,289000
1987,11,7,11/7/1987,297000
1987,11,14,11/14/1987,307000
1987,11,21,11/21/1987,317000
1987,11,28,11/28/1987,306000
1987,12,5,12/5/1987,319000
1987,12,12,12/12/1987,317000
1987,12,19,12/19/1987,323000
1987,12,26,12/26/1987,316000
1988,1,2,1/2/1988,315000
1988,1,9,1/9/1988,325000
1988,1,16,1/16/1988,361000
1988,1,23,1/23/1988,335000
1988,1,30,1/30/1988,342000
1988,2,6,2/6/1988,318000
1988,2,13,2/13/1988,311000
1988,2,20,2/20/1988,327000
1988,2,27,2/27/1988,319000
1988,3,5,3/5/1988,307000
1988,3,12,3/12/1988,304000
1988,3,19,3/19/1988,307000
1988,3,26,3/26/1988,304000
1988,4,2,4/2/1988,309000
1988,4,9,4/9/1988,313000
1988,4,16,4/16/1988,314000
1988,4,23,4/23/1988,312000
1988,4,30,4/30/1988,313000
1988,5,7,5/7/1988,309000
1988,5,14,5/14/1988,314000
1988,5,21,5/21/1988,319000
1988,5,28,5/28/1988,313000
1988,6,4,6/4/1988,310000
1988,6,11,6/11/1988,305000
1988,6,18,6/18/1988,311000
1988,6,25,6/25/1988,307000
1988,7,2,7/2/1988,305000
1988,7,9,7/9/1988,303000
1988,7,16,7/16/1988,315000
1988,7,23,7/23/1988,354000
1988,7,30,7/30/1988,331000
1988,8,6,8/6/1988,316000
1988,8,13,8/13/1988,312000
1988,8,20,8/20/1988,316000
1988,8,27,8/27/1988,315000
1988,9,3,9/3/1988,306000
1988,9,10,9/10/1988,305000
1988,9,17,9/17/1988,306000
1988,9,24,9/24/1988,301000
1988,10,1,10/1/1988,292000
1988,10,8,10/8/1988,292000
1988,10,15,10/15/1988,293000
1988,10,22,10/22/1988,286000
1988,10,29,10/29/1988,294000
1988,11,5,11/5/1988,285000
1988,11,12,11/12/1988,284000
1988,11,19,11/19/1988,294000
1988,11,26,11/26/1988,299000
1988,12,3,12/3/1988,298000
1988,12,10,12/10/1988,285000
1988,12,17,12/17/1988,293000
1988,12,24,12/24/1988,286000
1988,12,31,12/31/1988,304000
1989,1,7,1/7/1989,299000
1989,1,14,1/14/1989,283000
1989,1,21,1/21/1989,282000
1989,1,28,1/28/1989,295000
1989,2,4,2/4/1989,288000
1989,2,11,2/11/1989,322000
1989,2,18,2/18/1989,305000
1989,2,25,2/25/1989,300000
1989,3,4,3/4/1989,325000
1989,3,11,3/11/1989,325000
1989,3,18,3/18/1989,319000
1989,3,25,3/25/1989,319000
1989,4,1,4/1/1989,323000
1989,4,8,4/8/1989,314000
1989,4,15,4/15/1989,307000
1989,4,22,4/22/1989,304000
1989,4,29,4/29/1989,311000
1989,5,6,5/6/1989,320000
1989,5,13,5/13/1989,332000
1989,5,20,5/20/1989,321000
1989,5,27,5/27/1989,325000
1989,6,3,6/3/1989,325000
1989,6,10,6/10/1989,332000
1989,6,17,6/17/1989,337000
1989,6,24,6/24/1989,338000
1989,7,1,7/1/1989,349000
1989,7,8,7/8/1989,341000
1989,7,15,7/15/1989,349000
1989,7,22,7/22/1989,332000
1989,7,29,7/29/1989,337000
1989,8,5,8/5/1989,338000
1989,8,12,8/12/1989,341000
1989,8,19,8/19/1989,327000
1989,8,26,8/26/1989,332000
1989,9,2,9/2/1989,329000
1989,9,9,9/9/1989,336000
1989,9,16,9/16/1989,334000
1989,9,23,9/23/1989,334000
1989,9,30,9/30/1989,347000
1989,10,7,10/7/1989,407000
1989,10,14,10/14/1989,345000
1989,10,21,10/21/1989,347000
1989,10,28,10/28/1989,354000
1989,11,4,11/4/1989,333000
1989,11,11,11/11/1989,336000
1989,11,18,11/18/1989,336000
1989,11,25,11/25/1989,342000
1989,12,2,12/2/1989,344000
1989,12,9,12/9/1989,338000
1989,12,16,12/16/1989,355000
1989,12,23,12/23/1989,381000
1989,12,30,12/30/1989,358000
1990,1,6,1/6/1990,355000
1990,1,13,1/13/1990,369000
1990,1,20,1/20/1990,375000
1990,1,27,1/27/1990,345000
1990,2,3,2/3/1990,368000
1990,2,10,2/10/1990,367000
1990,2,17,2/17/1990,348000
1990,2,24,2/24/1990,350000
1990,3,3,3/3/1990,351000
1990,3,10,3/10/1990,349000
1990,3,17,3/17/1990,349000
1990,3,24,3/24/1990,331000
1990,3,31,3/31/1990,346000
1990,4,7,4/7/1990,367000
1990,4,14,4/14/1990,357000
1990,4,21,4/21/1990,360000
1990,4,28,4/28/1990,363000
1990,5,5,5/5/1990,354000
1990,5,12,5/12/1990,355000
1990,5,19,5/19/1990,353000
1990,5,26,5/26/1990,359000
1990,6,2,6/2/1990,368000
1990,6,9,6/9/1990,359000
1990,6,16,6/16/1990,359000
1990,6,23,6/23/1990,362000
1990,6,30,6/30/1990,364000
1990,7,7,7/7/1990,362000
1990,7,14,7/14/1990,367000
1990,7,21,7/21/1990,370000
1990,7,28,7/28/1990,369000
1990,8,4,8/4/1990,369000
1990,8,11,8/11/1990,381000
1990,8,18,8/18/1990,393000
1990,8,25,8/25/1990,394000
1990,9,1,9/1/1990,392000
1990,9,8,9/8/1990,390000
1990,9,15,9/15/1990,395000
1990,9,22,9/22/1990,389000
1990,9,29,9/29/1990,404000
1990,10,6,10/6/1990,404000
1990,10,13,10/13/1990,422000
1990,10,20,10/20/1990,435000
1990,10,27,10/27/1990,440000
1990,11,3,11/3/1990,430000
1990,11,10,11/10/1990,448000
1990,11,17,11/17/1990,447000
1990,11,24,11/24/1990,462000
1990,12,1,12/1/1990,451000
1990,12,8,12/8/1990,449000
1990,12,15,12/15/1990,447000
1990,12,22,12/22/1990,474000
1990,12,29,12/29/1990,454000
1991,1,5,1/5/1991,415000
1991,1,12,1/12/1991,437000
1991,1,19,1/19/1991,445000
1991,1,26,1/26/1991,462000
1991,2,2,2/2/1991,483000
1991,2,9,2/9/1991,480000
1991,2,16,2/16/1991,474000
1991,2,23,2/23/1991,499000
1991,3,2,3/2/1991,488000
1991,3,9,3/9/1991,499000
1991,3,16,3/16/1991,498000
1991,3,23,3/23/1991,509000
1991,3,30,3/30/1991,499000
1991,4,6,4/6/1991,452000
1991,4,13,4/13/1991,477000
1991,4,20,4/20/1991,478000
1991,4,27,4/27/1991,462000
1991,5,4,5/4/1991,451000
1991,5,11,5/11/1991,446000
1991,5,18,5/18/1991,448000
1991,5,25,5/25/1991,443000
1991,6,1,6/1/1991,432000
1991,6,8,6/8/1991,441000
1991,6,15,6/15/1991,429000
1991,6,22,6/22/1991,423000
1991,6,29,6/29/1991,418000
1991,7,6,7/6/1991,422000
1991,7,13,7/13/1991,420000
1991,7,20,7/20/1991,408000
1991,7,27,7/27/1991,423000
1991,8,3,8/3/1991,438000
1991,8,10,8/10/1991,437000
1991,8,17,8/17/1991,433000
1991,8,24,8/24/1991,425000
1991,8,31,8/31/1991,425000
1991,9,7,9/7/1991,424000
1991,9,14,9/14/1991,418000
1991,9,21,9/21/1991,419000
1991,9,28,9/28/1991,437000
1991,10,5,10/5/1991,424000
1991,10,12,10/12/1991,425000
1991,10,19,10/19/1991,419000
1991,10,26,10/26/1991,423000
1991,11,2,11/2/1991,447000
1991,11,9,11/9/1991,453000
1991,11,16,11/16/1991,439000
1991,11,23,11/23/1991,444000
1991,11,30,11/30/1991,444000
1991,12,7,12/7/1991,475000
1991,12,14,12/14/1991,475000
1991,12,21,12/21/1991,436000
1991,12,28,12/28/1991,441000
1992,1,4,1/4/1992,432000
1992,1,11,1/11/1992,440000
1992,1,18,1/18/1992,443000
1992,1,25,1/25/1992,441000
1992,2,1,2/1/1992,440000
1992,2,8,2/8/1992,445000
1992,2,15,2/15/1992,446000
1992,2,22,2/22/1992,436000
1992,2,29,2/29/1992,444000
1992,3,7,3/7/1992,421000
1992,3,14,3/14/1992,437000
1992,3,21,3/21/1992,440000
1992,3,28,3/28/1992,420000
1992,4,4,4/4/1992,412000
1992,4,11,4/11/1992,413000
1992,4,18,4/18/1992,424000
1992,4,25,4/25/1992,424000
1992,5,2,5/2/1992,431000
1992,5,9,5/9/1992,417000
1992,5,16,5/16/1992,414000
1992,5,23,5/23/1992,414000
1992,5,30,5/30/1992,411000
1992,6,6,6/6/1992,416000
1992,6,13,6/13/1992,420000
1992,6,20,6/20/1992,419000
1992,6,27,6/27/1992,420000
1992,7,4,7/4/1992,407000
1992,7,11,7/11/1992,408000
1992,7,18,7/18/1992,392000
1992,7,25,7/25/1992,564000
1992,8,1,8/1/1992,423000
1992,8,8,8/8/1992,406000
1992,8,15,8/15/1992,401000
1992,8,22,8/22/1992,398000
1992,8,29,8/29/1992,408000
1992,9,5,9/5/1992,416000
1992,9,12,9/12/1992,416000
1992,9,19,9/19/1992,427000
1992,9,26,9/26/1992,409000
1992,10,3,10/3/1992,398000
1992,10,10,10/10/1992,374000
1992,10,17,10/17/1992,385000
1992,10,24,10/24/1992,367000
1992,10,31,10/31/1992,365000
1992,11,7,11/7/1992,374000
1992,11,14,11/14/1992,377000
1992,11,21,11/21/1992,357000
1992,11,28,11/28/1992,341000
1992,12,5,12/5/1992,350000
1992,12,12,12/12/1992,359000
1992,12,19,12/19/1992,334000
1992,12,26,12/26/1992,313000
1993,1,2,1/2/1993,341000
1993,1,9,1/9/1993,354000
1993,1,16,1/16/1993,352000
1993,1,23,1/23/1993,341000
1993,1,30,1/30/1993,340000
1993,2,6,2/6/1993,319000
1993,2,13,2/13/1993,321000
1993,2,20,2/20/1993,351000
1993,2,27,2/27/1993,362000
1993,3,6,3/6/1993,354000
1993,3,13,3/13/1993,346000
1993,3,20,3/20/1993,338000
1993,3,27,3/27/1993,366000
1993,4,3,4/3/1993,365000
1993,4,10,4/10/1993,353000
1993,4,17,4/17/1993,351000
1993,4,24,4/24/1993,350000
1993,5,1,5/1/1993,343000
1993,5,8,5/8/1993,339000
1993,5,15,5/15/1993,345000
1993,5,22,5/22/1993,342000
1993,5,29,5/29/1993,349000
1993,6,5,6/5/1993,343000
1993,6,12,6/12/1993,343000
1993,6,19,6/19/1993,345000
1993,6,26,6/26/1993,340000
1993,7,3,7/3/1993,334000
1993,7,10,7/10/1993,314000
1993,7,17,7/17/1993,335000
1993,7,24,7/24/1993,415000
1993,7,31,7/31/1993,356000
1993,8,7,8/7/1993,346000
1993,8,14,8/14/1993,339000
1993,8,21,8/21/1993,342000
1993,8,28,8/28/1993,337000
1993,9,4,9/4/1993,334000
1993,9,11,9/11/1993,333000
1993,9,18,9/18/1993,346000
1993,9,25,9/25/1993,343000
1993,10,2,10/2/1993,333000
1993,10,9,10/9/1993,355000
1993,10,16,10/16/1993,359000
1993,10,23,10/23/1993,354000
1993,10,30,10/30/1993,348000
1993,11,6,11/6/1993,350000
1993,11,13,11/13/1993,341000
1993,11,20,11/20/1993,336000
1993,11,27,11/27/1993,337000
1993,12,4,12/4/1993,337000
1993,12,11,12/11/1993,334000
1993,12,18,12/18/1993,331000
1993,12,25,12/25/1993,290000
1994,1,1,1/1/1994,341000
1994,1,8,1/8/1994,343000
1994,1,15,1/15/1994,355000
1994,1,22,1/22/1994,351000
1994,1,29,1/29/1994,406000
1994,2,5,2/5/1994,361000
1994,2,12,2/12/1994,354000
1994,2,19,2/19/1994,352000
1994,2,26,2/26/1994,327000
1994,3,5,3/5/1994,348000
1994,3,12,3/12/1994,341000
1994,3,19,3/19/1994,332000
1994,3,26,3/26/1994,322000
1994,4,2,4/2/1994,342000
1994,4,9,4/9/1994,349000
1994,4,16,4/16/1994,354000
1994,4,23,4/23/1994,331000
1994,4,30,4/30/1994,344000
1994,5,7,5/7/1994,371000
1994,5,14,5/14/1994,360000
1994,5,21,5/21/1994,357000
1994,5,28,5/28/1994,348000
1994,6,4,6/4/1994,345000
1994,6,11,6/11/1994,338000
1994,6,18,6/18/1994,336000
1994,6,25,6/25/1994,341000
1994,7,2,7/2/1994,334000
1994,7,9,7/9/1994,341000
1994,7,16,7/16/1994,359000
1994,7,23,7/23/1994,345000
1994,7,30,7/30/1994,332000
1994,8,6,8/6/1994,338000
1994,8,13,8/13/1994,335000
1994,8,20,8/20/1994,331000
1994,8,27,8/27/1994,341000
1994,9,3,9/3/1994,339000
1994,9,10,9/10/1994,331000
1994,9,17,9/17/1994,326000
1994,9,24,9/24/1994,325000
1994,10,1,10/1/1994,330000
1994,10,8,10/8/1994,341000
1994,10,15,10/15/1994,335000
1994,10,22,10/22/1994,330000
1994,10,29,10/29/1994,331000
1994,11,5,11/5/1994,328000
1994,11,12,11/12/1994,329000
1994,11,19,11/19/1994,326000
1994,11,26,11/26/1994,329000
1994,12,3,12/3/1994,324000
1994,12,10,12/10/1994,329000
1994,12,17,12/17/1994,330000
1994,12,24,12/24/1994,314000
1994,12,31,12/31/1994,319000
1995,1,7,1/7/1995,338000
1995,1,14,1/14/1995,347000
1995,1,21,1/21/1995,325000
1995,1,28,1/28/1995,324000
1995,2,4,2/4/1995,324000
1995,2,11,2/11/1995,348000
1995,2,18,2/18/1995,343000
1995,2,25,2/25/1995,336000
1995,3,4,3/4/1995,339000
1995,3,11,3/11/1995,347000
1995,3,18,3/18/1995,343000
1995,3,25,3/25/1995,332000
1995,4,1,4/1/1995,335000
1995,4,8,4/8/1995,347000
1995,4,15,4/15/1995,355000
1995,4,22,4/22/1995,349000
1995,4,29,4/29/1995,365000
1995,5,6,5/6/1995,364000
1995,5,13,5/13/1995,366000
1995,5,20,5/20/1995,377000
1995,5,27,5/27/1995,374000
1995,6,3,6/3/1995,362000
1995,6,10,6/10/1995,367000
1995,6,17,6/17/1995,378000
1995,6,24,6/24/1995,358000
1995,7,1,7/1/1995,355000
1995,7,8,7/8/1995,372000
1995,7,15,7/15/1995,389000
1995,7,22,7/22/1995,390000
1995,7,29,7/29/1995,351000
1995,8,5,8/5/1995,351000
1995,8,12,8/12/1995,353000
1995,8,19,8/19/1995,362000
1995,8,26,8/26/1995,359000
1995,9,2,9/2/1995,355000
1995,9,9,9/9/1995,371000
1995,9,16,9/16/1995,376000
1995,9,23,9/23/1995,353000
1995,9,30,9/30/1995,355000
1995,10,7,10/7/1995,374000
1995,10,14,10/14/1995,369000
1995,10,21,10/21/1995,366000
1995,10,28,10/28/1995,377000
1995,11,4,11/4/1995,380000
1995,11,11,11/11/1995,370000
1995,11,18,11/18/1995,379000
1995,11,25,11/25/1995,379000
1995,12,2,12/2/1995,373000
1995,12,9,12/9/1995,346000
1995,12,16,12/16/1995,373000
1995,12,23,12/23/1995,374000
1995,12,30,12/30/1995,359000
1996,1,6,1/6/1996,361000
1996,1,13,1/13/1996,333000
1996,1,20,1/20/1996,415000
1996,1,27,1/27/1996,387000
1996,2,3,2/3/1996,374000
1996,2,10,2/10/1996,387000
1996,2,17,2/17/1996,383000
1996,2,24,2/24/1996,365000
1996,3,2,3/2/1996,368000
1996,3,9,3/9/1996,361000
1996,3,16,3/16/1996,384000
1996,3,23,3/23/1996,426000
1996,3,30,3/30/1996,393000
1996,4,6,4/6/1996,369000
1996,4,13,4/13/1996,357000
1996,4,20,4/20/1996,368000
1996,4,27,4/27/1996,343000
1996,5,4,5/4/1996,338000
1996,5,11,5/11/1996,352000
1996,5,18,5/18/1996,345000
1996,5,25,5/25/1996,343000
1996,6,1,6/1/1996,340000
1996,6,8,6/8/1996,351000
1996,6,15,6/15/1996,342000
1996,6,22,6/22/1996,341000
1996,6,29,6/29/1996,337000
1996,7,6,7/6/1996,342000
1996,7,13,7/13/1996,347000
1996,7,20,7/20/1996,332000
1996,7,27,7/27/1996,327000
1996,8,3,8/3/1996,326000
1996,8,10,8/10/1996,331000
1996,8,17,8/17/1996,336000
1996,8,24,8/24/1996,337000
1996,8,31,8/31/1996,329000
1996,9,7,9/7/1996,333000
1996,9,14,9/14/1996,338000
1996,9,21,9/21/1996,352000
1996,9,28,9/28/1996,348000
1996,10,5,10/5/1996,335000
1996,10,12,10/12/1996,334000
1996,10,19,10/19/1996,335000
1996,10,26,10/26/1996,352000
1996,11,2,11/2/1996,334000
1996,11,9,11/9/1996,327000
1996,11,16,11/16/1996,342000
1996,11,23,11/23/1996,347000
1996,11,30,11/30/1996,332000
1996,12,7,12/7/1996,355000
1996,12,14,12/14/1996,352000
1996,12,21,12/21/1996,350000
1996,12,28,12/28/1996,357000
1997,1,4,1/4/1997,347000
1997,1,11,1/11/1997,324000
1997,1,18,1/18/1997,345000
1997,1,25,1/25/1997,340000
1997,2,1,2/1/1997,333000
1997,2,8,2/8/1997,315000
1997,2,15,2/15/1997,313000
1997,2,22,2/22/1997,322000
1997,3,1,3/1/1997,321000
1997,3,8,3/8/1997,317000
1997,3,15,3/15/1997,319000
1997,3,22,3/22/1997,315000
1997,3,29,3/29/1997,325000
1997,4,5,4/5/1997,325000
1997,4,12,4/12/1997,330000
1997,4,19,4/19/1997,316000
1997,4,26,4/26/1997,337000
1997,5,3,5/3/1997,342000
1997,5,10,5/10/1997,318000
1997,5,17,5/17/1997,322000
1997,5,24,5/24/1997,316000
1997,5,31,5/31/1997,321000
1997,6,7,6/7/1997,329000
1997,6,14,6/14/1997,335000
1997,6,21,6/21/1997,316000
1997,6,28,6/28/1997,322000
1997,7,5,7/5/1997,346000
1997,7,12,7/12/1997,328000
1997,7,19,7/19/1997,301000
1997,7,26,7/26/1997,306000
1997,8,2,8/2/1997,320000
1997,8,9,8/9/1997,329000
1997,8,16,8/16/1997,343000
1997,8,23,8/23/1997,327000
1997,8,30,8/30/1997,332000
1997,9,6,9/6/1997,313000
1997,9,13,9/13/1997,314000
1997,9,20,9/20/1997,317000
1997,9,27,9/27/1997,317000
1997,10,4,10/4/1997,311000
1997,10,11,10/11/1997,305000
1997,10,18,10/18/1997,318000
1997,10,25,10/25/1997,306000
1997,11,1,11/1/1997,313000
1997,11,8,11/8/1997,308000
1997,11,15,11/15/1997,325000
1997,11,22,11/22/1997,309000
1997,11,29,11/29/1997,318000
1997,12,6,12/6/1997,317000
1997,12,13,12/13/1997,323000
1997,12,20,12/20/1997,310000
1997,12,27,12/27/1997,303000
1998,1,3,1/3/1998,312000
1998,1,10,1/10/1998,331000
1998,1,17,1/17/1998,341000
1998,1,24,1/24/1998,307000
1998,1,31,1/31/1998,315000
1998,2,7,2/7/1998,311000
1998,2,14,2/14/1998,321000
1998,2,21,2/21/1998,327000
1998,2,28,2/28/1998,317000
1998,3,7,3/7/1998,308000
1998,3,14,3/14/1998,319000
1998,3,21,3/21/1998,321000
1998,3,28,3/28/1998,312000
1998,4,4,4/4/1998,312000
1998,4,11,4/11/1998,304000
1998,4,18,4/18/1998,317000
1998,4,25,4/25/1998,311000
1998,5,2,5/2/1998,304000
1998,5,9,5/9/1998,306000
1998,5,16,5/16/1998,315000
1998,5,23,5/23/1998,309000
1998,5,30,5/30/1998,322000
1998,6,6,6/6/1998,306000
1998,6,13,6/13/1998,321000
1998,6,20,6/20/1998,349000
1998,6,27,6/27/1998,376000
1998,7,4,7/4/1998,362000
1998,7,11,7/11/1998,320000
1998,7,18,7/18/1998,315000
1998,7,25,7/25/1998,335000
1998,8,1,8/1/1998,327000
1998,8,8,8/8/1998,316000
1998,8,15,8/15/1998,308000
1998,8,22,8/22/1998,302000
1998,8,29,8/29/1998,310000
1998,9,5,9/5/1998,313000
1998,9,12,9/12/1998,304000
1998,9,19,9/19/1998,305000
1998,9,26,9/26/1998,294000
1998,10,3,10/3/1998,302000
1998,10,10,10/10/1998,316000
1998,10,17,10/17/1998,318000
1998,10,24,10/24/1998,309000
1998,10,31,10/31/1998,308000
1998,11,7,11/7/1998,316000
1998,11,14,11/14/1998,334000
1998,11,21,11/21/1998,304000
1998,11,28,11/28/1998,310000
1998,12,5,12/5/1998,326000
1998,12,12,12/12/1998,305000
1998,12,19,12/19/1998,297000
1998,12,26,12/26/1998,336000
1999,1,2,1/2/1999,331000
1999,1,9,1/9/1999,345000
1999,1,16,1/16/1999,339000
1999,1,23,1/23/1999,311000
1999,1,30,1/30/1999,305000
1999,2,6,2/6/1999,291000
1999,2,13,2/13/1999,312000
1999,2,20,2/20/1999,302000
1999,2,27,2/27/1999,301000
1999,3,6,3/6/1999,300000
1999,3,13,3/13/1999,308000
1999,3,20,3/20/1999,305000
1999,3,27,3/27/1999,298000
1999,4,3,4/3/1999,310000
1999,4,10,4/10/1999,319000
1999,4,17,4/17/1999,314000
1999,4,24,4/24/1999,291000
1999,5,1,5/1/1999,296000
1999,5,8,5/8/1999,310000
1999,5,15,5/15/1999,301000
1999,5,22,5/22/1999,298000
1999,5,29,5/29/1999,303000
1999,6,5,6/5/1999,303000
1999,6,12,6/12/1999,290000
1999,6,19,6/19/1999,292000
1999,6,26,6/26/1999,291000
1999,7,3,7/3/1999,287000
1999,7,10,7/10/1999,288000
1999,7,17,7/17/1999,309000
1999,7,24,7/24/1999,306000
1999,7,31,7/31/1999,300000
1999,8,7,8/7/1999,295000
1999,8,14,8/14/1999,292000
1999,8,21,8/21/1999,286000
1999,8,28,8/28/1999,290000
1999,9,4,9/4/1999,290000
1999,9,11,9/11/1999,281000
1999,9,18,9/18/1999,281000
1999,9,25,9/25/1999,306000
1999,10,2,10/2/1999,309000
1999,10,9,10/9/1999,291000
1999,10,16,10/16/1999,287000
1999,10,23,10/23/1999,280000
1999,10,30,10/30/1999,285000
1999,11,6,11/6/1999,282000
1999,11,13,11/13/1999,281000
1999,11,20,11/20/1999,276000
1999,11,27,11/27/1999,288000
1999,12,4,12/4/1999,287000
1999,12,11,12/11/1999,272000
1999,12,18,12/18/1999,287000
1999,12,25,12/25/1999,268000
2000,1,1,1/1/2000,286000
2000,1,8,1/8/2000,298000
2000,1,15,1/15/2000,289000
2000,1,22,1/22/2000,284000
2000,1,29,1/29/2000,285000
2000,2,5,2/5/2000,312000
2000,2,12,2/12/2000,300000
2000,2,19,2/19/2000,283000
2000,2,26,2/26/2000,280000
2000,3,4,3/4/2000,286000
2000,3,11,3/11/2000,270000
2000,3,18,3/18/2000,271000
2000,3,25,3/25/2000,272000
2000,4,1,4/1/2000,266000
2000,4,8,4/8/2000,268000
2000,4,15,4/15/2000,259000
2000,4,22,4/22/2000,274000
2000,4,29,4/29/2000,291000
2000,5,6,5/6/2000,293000
2000,5,13,5/13/2000,276000
2000,5,20,5/20/2000,280000
2000,5,27,5/27/2000,280000
2000,6,3,6/3/2000,290000
2000,6,10,6/10/2000,284000
2000,6,17,6/17/2000,294000
2000,6,24,6/24/2000,296000
2000,7,1,7/1/2000,281000
2000,7,8,7/8/2000,293000
2000,7,15,7/15/2000,303000
2000,7,22,7/22/2000,300000
2000,7,29,7/29/2000,298000
2000,8,5,8/5/2000,306000
2000,8,12,8/12/2000,315000
2000,8,19,8/19/2000,318000
2000,8,26,8/26/2000,312000
2000,9,2,9/2/2000,301000
2000,9,9,9/9/2000,309000
2000,9,16,9/16/2000,311000
2000,9,23,9/23/2000,288000
2000,9,30,9/30/2000,292000
2000,10,7,10/7/2000,309000
2000,10,14,10/14/2000,299000
2000,10,21,10/21/2000,295000
2000,10,28,10/28/2000,301000
2000,11,4,11/4/2000,331000
2000,11,11,11/11/2000,318000
2000,11,18,11/18/2000,332000
2000,11,25,11/25/2000,356000
2000,12,2,12/2/2000,338000
2000,12,9,12/9/2000,321000
2000,12,16,12/16/2000,354000
2000,12,23,12/23/2000,364000
2000,12,30,12/30/2000,353000
2001,1,6,1/6/2001,337000
2001,1,13,1/13/2001,318000
2001,1,20,1/20/2001,343000
2001,1,27,1/27/2001,362000
2001,2,3,2/3/2001,376000
2001,2,10,2/10/2001,365000
2001,2,17,2/17/2001,358000
2001,2,24,2/24/2001,386000
2001,3,3,3/3/2001,384000
2001,3,10,3/10/2001,393000
2001,3,17,3/17/2001,393000
2001,3,24,3/24/2001,378000
2001,3,31,3/31/2001,388000
2001,4,7,4/7/2001,398000
2001,4,14,4/14/2001,383000
2001,4,21,4/21/2001,400000
2001,4,28,4/28/2001,406000
2001,5,5,5/5/2001,381000
2001,5,12,5/12/2001,390000
2001,5,19,5/19/2001,402000
2001,5,26,5/26/2001,405000
2001,6,2,6/2/2001,406000
2001,6,9,6/9/2001,411000
2001,6,16,6/16/2001,394000
2001,6,23,6/23/2001,381000
2001,6,30,6/30/2001,394000
2001,7,7,7/7/2001,401000
2001,7,14,7/14/2001,405000
2001,7,21,7/21/2001,398000
2001,7,28,7/28/2001,388000
2001,8,4,8/4/2001,401000
2001,8,11,8/11/2001,394000
2001,8,18,8/18/2001,402000
2001,8,25,8/25/2001,395000
2001,9,1,9/1/2001,402000
2001,9,8,9/8/2001,408000
2001,9,15,9/15/2001,395000
2001,9,22,9/22/2001,453000
2001,9,29,9/29/2001,517000
2001,10,6,10/6/2001,476000
2001,10,13,10/13/2001,482000
2001,10,20,10/20/2001,482000
2001,10,27,10/27/2001,483000
2001,11,3,11/3/2001,440000
2001,11,10,11/10/2001,428000
2001,11,17,11/17/2001,431000
2001,11,24,11/24/2001,491000
2001,12,1,12/1/2001,465000
2001,12,8,12/8/2001,393000
2001,12,15,12/15/2001,389000
2001,12,22,12/22/2001,416000
2001,12,29,12/29/2001,421000
2002,1,5,1/5/2002,397000
2002,1,12,1/12/2002,418000
2002,1,19,1/19/2002,405000
2002,1,26,1/26/2002,414000
2002,2,2,2/2/2002,404000
2002,2,9,2/9/2002,397000
2002,2,16,2/16/2002,397000
2002,2,23,2/23/2002,398000
2002,3,2,3/2/2002,392000
2002,3,9,3/9/2002,399000
2002,3,16,3/16/2002,392000
2002,3,23,3/23/2002,415000
2002,3,30,3/30/2002,479000
2002,4,6,4/6/2002,445000
2002,4,13,4/13/2002,442000
2002,4,20,4/20/2002,416000
2002,4,27,4/27/2002,414000
2002,5,4,5/4/2002,409000
2002,5,11,5/11/2002,413000
2002,5,18,5/18/2002,411000
2002,5,25,5/25/2002,403000
2002,6,1,6/1/2002,378000
2002,6,8,6/8/2002,388000
2002,6,15,6/15/2002,396000
2002,6,22,6/22/2002,388000
2002,6,29,6/29/2002,386000
2002,7,6,7/6/2002,391000
2002,7,13,7/13/2002,384000
2002,7,20,7/20/2002,379000
2002,7,27,7/27/2002,390000
2002,8,3,8/3/2002,388000
2002,8,10,8/10/2002,389000
2002,8,17,8/17/2002,399000
2002,8,24,8/24/2002,398000
2002,8,31,8/31/2002,394000
2002,9,7,9/7/2002,416000
2002,9,14,9/14/2002,412000
2002,9,21,9/21/2002,401000
2002,9,28,9/28/2002,409000
2002,10,5,10/5/2002,404000
2002,10,12,10/12/2002,405000
2002,10,19,10/19/2002,412000
2002,10,26,10/26/2002,409000
2002,11,2,11/2/2002,405000
2002,11,9,11/9/2002,400000
2002,11,16,11/16/2002,389000
2002,11,23,11/23/2002,390000
2002,11,30,11/30/2002,377000
2002,12,7,12/7/2002,425000
2002,12,14,12/14/2002,429000
2002,12,21,12/21/2002,394000
2002,12,28,12/28/2002,409000
2003,1,4,1/4/2003,393000
2003,1,11,1/11/2003,378000
2003,1,18,1/18/2003,402000
2003,1,25,1/25/2003,407000
2003,2,1,2/1/2003,413000
2003,2,8,2/8/2003,390000
2003,2,15,2/15/2003,420000
2003,2,22,2/22/2003,421000
2003,3,1,3/1/2003,436000
2003,3,8,3/8/2003,424000
2003,3,15,3/15/2003,430000
2003,3,22,3/22/2003,411000
2003,3,29,3/29/2003,436000
2003,4,5,4/5/2003,417000
2003,4,12,4/12/2003,434000
2003,4,19,4/19/2003,450000
2003,4,26,4/26/2003,444000
2003,5,3,5/3/2003,428000
2003,5,10,5/10/2003,417000
2003,5,17,5/17/2003,425000
2003,5,24,5/24/2003,419000
2003,5,31,5/31/2003,431000
2003,6,7,6/7/2003,429000
2003,6,14,6/14/2003,421000
2003,6,21,6/21/2003,408000
2003,6,28,6/28/2003,429000
2003,7,5,7/5/2003,433000
2003,7,12,7/12/2003,412000
2003,7,19,7/19/2003,403000
2003,7,26,7/26/2003,398000
2003,8,2,8/2/2003,401000
2003,8,9,8/9/2003,404000
2003,8,16,8/16/2003,398000
2003,8,23,8/23/2003,391000
2003,8,30,8/30/2003,407000
2003,9,6,9/6/2003,422000
2003,9,13,9/13/2003,394000
2003,9,20,9/20/2003,379000
2003,9,27,9/27/2003,387000
2003,10,4,10/4/2003,386000
2003,10,11,10/11/2003,376000
2003,10,18,10/18/2003,387000
2003,10,25,10/25/2003,379000
2003,11,1,11/1/2003,363000
2003,11,8,11/8/2003,371000
2003,11,15,11/15/2003,370000
2003,11,22,11/22/2003,354000
2003,11,29,11/29/2003,357000
2003,12,6,12/6/2003,367000
2003,12,13,12/13/2003,363000
2003,12,20,12/20/2003,354000
2003,12,27,12/27/2003,349000
2004,1,3,1/3/2004,356000
2004,1,10,1/10/2004,354000
2004,1,17,1/17/2004,362000
2004,1,24,1/24/2004,353000
2004,1,31,1/31/2004,376000
2004,2,7,2/7/2004,380000
2004,2,14,2/14/2004,356000
2004,2,21,2/21/2004,359000
2004,2,28,2/28/2004,348000
2004,3,6,3/6/2004,344000
2004,3,13,3/13/2004,338000
2004,3,20,3/20/2004,346000
2004,3,27,3/27/2004,340000
2004,4,3,4/3/2004,335000
2004,4,10,4/10/2004,355000
2004,4,17,4/17/2004,364000
2004,4,24,4/24/2004,339000
2004,5,1,5/1/2004,324000
2004,5,8,5/8/2004,329000
2004,5,15,5/15/2004,349000
2004,5,22,5/22/2004,342000
2004,5,29,5/29/2004,337000
2004,6,5,6/5/2004,355000
2004,6,12,6/12/2004,339000
2004,6,19,6/19/2004,354000
2004,6,26,6/26/2004,348000
2004,7,3,7/3/2004,326000
2004,7,10,7/10/2004,345000
2004,7,17,7/17/2004,355000
2004,7,24,7/24/2004,348000
2004,7,31,7/31/2004,341000
2004,8,7,8/7/2004,336000
2004,8,14,8/14/2004,332000
2004,8,21,8/21/2004,343000
2004,8,28,8/28/2004,352000
2004,9,4,9/4/2004,326000
2004,9,11,9/11/2004,331000
2004,9,18,9/18/2004,341000
2004,9,25,9/25/2004,351000
2004,10,2,10/2/2004,335000
2004,10,9,10/9/2004,338000
2004,10,16,10/16/2004,327000
2004,10,23,10/23/2004,338000
2004,10,30,10/30/2004,332000
2004,11,6,11/6/2004,330000
2004,11,13,11/13/2004,337000
2004,11,20,11/20/2004,313000
2004,11,27,11/27/2004,335000
2004,12,4,12/4/2004,343000
2004,12,11,12/11/2004,316000
2004,12,18,12/18/2004,322000
2004,12,25,12/25/2004,320000
2005,1,1,1/1/2005,356000
2005,1,8,1/8/2005,369000
2005,1,15,1/15/2005,332000
2005,1,22,1/22/2005,329000
2005,1,29,1/29/2005,331000
2005,2,5,2/5/2005,307000
2005,2,12,2/12/2005,308000
2005,2,19,2/19/2005,318000
2005,2,26,2/26/2005,314000
2005,3,5,3/5/2005,333000
2005,3,12,3/12/2005,324000
2005,3,19,3/19/2005,329000
2005,3,26,3/26/2005,342000
2005,4,2,4/2/2005,335000
2005,4,9,4/9/2005,323000
2005,4,16,4/16/2005,307000
2005,4,23,4/23/2005,317000
2005,4,30,4/30/2005,334000
2005,5,7,5/7/2005,327000
2005,5,14,5/14/2005,321000
2005,5,21,5/21/2005,320000
2005,5,28,5/28/2005,340000
2005,6,4,6/4/2005,338000
2005,6,11,6/11/2005,333000
2005,6,18,6/18/2005,321000
2005,6,25,6/25/2005,311000
2005,7,2,7/2/2005,327000
2005,7,9,7/9/2005,338000
2005,7,16,7/16/2005,323000
2005,7,23,7/23/2005,318000
2005,7,30,7/30/2005,316000
2005,8,6,8/6/2005,311000
2005,8,13,8/13/2005,319000
2005,8,20,8/20/2005,315000
2005,8,27,8/27/2005,318000
2005,9,3,9/3/2005,326000
2005,9,10,9/10/2005,422000
2005,9,17,9/17/2005,424000
2005,9,24,9/24/2005,359000
2005,10,1,10/1/2005,384000
2005,10,8,10/8/2005,383000
2005,10,15,10/15/2005,348000
2005,10,22,10/22/2005,324000
2005,10,29,10/29/2005,322000
2005,11,5,11/5/2005,325000
2005,11,12,11/12/2005,309000
2005,11,19,11/19/2005,324000
2005,11,26,11/26/2005,311000
2005,12,3,12/3/2005,321000
2005,12,10,12/10/2005,327000
2005,12,17,12/17/2005,312000
2005,12,24,12/24/2005,320000
2005,12,31,12/31/2005,302000
2006,1,7,1/7/2006,326000
2006,1,14,1/14/2006,285000
2006,1,21,1/21/2006,290000
2006,1,28,1/28/2006,282000
2006,2,4,2/4/2006,289000
2006,2,11,2/11/2006,298000
2006,2,18,2/18/2006,283000
2006,2,25,2/25/2006,293000
2006,3,4,3/4/2006,302000
2006,3,11,3/11/2006,307000
2006,3,18,3/18/2006,303000
2006,3,25,3/25/2006,295000
2006,4,1,4/1/2006,291000
2006,4,8,4/8/2006,299000
2006,4,15,4/15/2006,299000
2006,4,22,4/22/2006,308000
2006,4,29,4/29/2006,321000
2006,5,6,5/6/2006,347000
2006,5,13,5/13/2006,335000
2006,5,20,5/20/2006,319000
2006,5,27,5/27/2006,330000
2006,6,3,6/3/2006,307000
2006,6,10,6/10/2006,298000
2006,6,17,6/17/2006,308000
2006,6,24,6/24/2006,309000
2006,7,1,7/1/2006,316000
2006,7,8,7/8/2006,343000
2006,7,15,7/15/2006,318000
2006,7,22,7/22/2006,306000
2006,7,29,7/29/2006,311000
2006,8,5,8/5/2006,318000
2006,8,12,8/12/2006,310000
2006,8,19,8/19/2006,315000
2006,8,26,8/26/2006,314000
2006,9,2,9/2/2006,315000
2006,9,9,9/9/2006,314000
2006,9,16,9/16/2006,324000
2006,9,23,9/23/2006,319000
2006,9,30,9/30/2006,309000
2006,10,7,10/7/2006,316000
2006,10,14,10/14/2006,305000
2006,10,21,10/21/2006,313000
2006,10,28,10/28/2006,328000
2006,11,4,11/4/2006,319000
2006,11,11,11/11/2006,311000
2006,11,18,11/18/2006,326000
2006,11,25,11/25/2006,349000
2006,12,2,12/2/2006,327000
2006,12,9,12/9/2006,311000
2006,12,16,12/16/2006,318000
2006,12,23,12/23/2006,323000
2006,12,30,12/30/2006,341000
2007,1,6,1/6/2007,330000
2007,1,13,1/13/2007,296000
2007,1,20,1/20/2007,335000
2007,1,27,1/27/2007,308000
2007,2,3,2/3/2007,310000
2007,2,10,2/10/2007,338000
2007,2,17,2/17/2007,321000
2007,2,24,2/24/2007,322000
2007,3,3,3/3/2007,320000
2007,3,10,3/10/2007,308000
2007,3,17,3/17/2007,309000
2007,3,24,3/24/2007,303000
2007,3,31,3/31/2007,307000
2007,4,7,4/7/2007,332000
2007,4,14,4/14/2007,327000
2007,4,21,4/21/2007,321000
2007,4,28,4/28/2007,301000
2007,5,5,5/5/2007,300000
2007,5,12,5/12/2007,297000
2007,5,19,5/19/2007,310000
2007,5,26,5/26/2007,310000
2007,6,2,6/2/2007,313000
2007,6,9,6/9/2007,313000
2007,6,16,6/16/2007,320000
2007,6,23,6/23/2007,313000
2007,6,30,6/30/2007,317000
2007,7,7,7/7/2007,321000
2007,7,14,7/14/2007,317000
2007,7,21,7/21/2007,310000
2007,7,28,7/28/2007,305000
2007,8,4,8/4/2007,314000
2007,8,11,8/11/2007,316000
2007,8,18,8/18/2007,321000
2007,8,25,8/25/2007,329000
2007,9,1,9/1/2007,314000
2007,9,8,9/8/2007,321000
2007,9,15,9/15/2007,313000
2007,9,22,9/22/2007,302000
2007,9,29,9/29/2007,317000
2007,10,6,10/6/2007,316000
2007,10,13,10/13/2007,335000
2007,10,20,10/20/2007,334000
2007,10,27,10/27/2007,328000
2007,11,3,11/3/2007,327000
2007,11,10,11/10/2007,333000
2007,11,17,11/17/2007,332000
2007,11,24,11/24/2007,352000
2007,12,1,12/1/2007,344000
2007,12,8,12/8/2007,332000
2007,12,15,12/15/2007,350000
2007,12,22,12/22/2007,355000
2007,12,29,12/29/2007,360000
2008,1,5,1/5/2008,346000
2008,1,12,1/12/2008,322000
2008,1,19,1/19/2008,321000
2008,1,26,1/26/2008,366000
2008,2,2,2/2/2008,350000
2008,2,9,2/9/2008,344000
2008,2,16,2/16/2008,339000
2008,2,23,2/23/2008,354000
2008,3,1,3/1/2008,345000
2008,3,8,3/8/2008,348000
2008,3,15,3/15/2008,369000
2008,3,22,3/22/2008,368000
2008,3,29,3/29/2008,387000
2008,4,5,4/5/2008,354000
2008,4,12,4/12/2008,365000
2008,4,19,4/19/2008,349000
2008,4,26,4/26/2008,370000
2008,5,3,5/3/2008,370000
2008,5,10,5/10/2008,366000
2008,5,17,5/17/2008,367000
2008,5,24,5/24/2008,369000
2008,5,31,5/31/2008,362000
2008,6,7,6/7/2008,382000
2008,6,14,6/14/2008,378000
2008,6,21,6/21/2008,381000
2008,6,28,6/28/2008,392000
2008,7,5,7/5/2008,371000
2008,7,12,7/12/2008,385000
2008,7,19,7/19/2008,402000
2008,7,26,7/26/2008,434000
2008,8,2,8/2/2008,448000
2008,8,9,8/9/2008,430000
2008,8,16,8/16/2008,424000
2008,8,23,8/23/2008,421000
2008,8,30,8/30/2008,442000
2008,9,6,9/6/2008,441000
2008,9,13,9/13/2008,449000
2008,9,20,9/20/2008,483000
2008,9,27,9/27/2008,483000
2008,10,4,10/4/2008,482000
2008,10,11,10/11/2008,461000
2008,10,18,10/18/2008,478000
2008,10,25,10/25/2008,480000
2008,11,1,11/1/2008,490000
2008,11,8,11/8/2008,512000
2008,11,15,11/15/2008,536000
2008,11,22,11/22/2008,532000
2008,11,29,11/29/2008,529000
2008,12,6,12/6/2008,570000
2008,12,13,12/13/2008,566000
2008,12,20,12/20/2008,587000
2008,12,27,12/27/2008,533000
2009,1,3,1/3/2009,503000
2009,1,10,1/10/2009,551000
2009,1,17,1/17/2009,591000
2009,1,24,1/24/2009,586000
2009,1,31,1/31/2009,629000
2009,2,7,2/7/2009,637000
2009,2,14,2/14/2009,632000
2009,2,21,2/21/2009,655000
2009,2,28,2/28/2009,652000
2009,3,7,3/7/2009,660000
2009,3,14,3/14/2009,651000
2009,3,21,3/21/2009,661000
2009,3,28,3/28/2009,665000
2009,4,4,4/4/2009,653000
2009,4,11,4/11/2009,599000
2009,4,18,4/18/2009,639000
2009,4,25,4/25/2009,620000
2009,5,2,5/2/2009,602000
2009,5,9,5/9/2009,625000
2009,5,16,5/16/2009,620000
2009,5,23,5/23/2009,606000
2009,5,30,5/30/2009,607000
2009,6,6,6/6/2009,596000
2009,6,13,6/13/2009,595000
2009,6,20,6/20/2009,608000
2009,6,27,6/27/2009,594000
2009,7,4,7/4/2009,573000
2009,7,11,7/11/2009,546000
2009,7,18,7/18/2009,560000
2009,7,25,7/25/2009,587000
2009,8,1,8/1/2009,555000
2009,8,8,8/8/2009,555000
2009,8,15,8/15/2009,562000
2009,8,22,8/22/2009,560000
2009,8,29,8/29/2009,564000
2009,9,5,9/5/2009,558000
2009,9,12,9/12/2009,542000
2009,9,19,9/19/2009,536000
2009,9,26,9/26/2009,554000
2009,10,3,10/3/2009,533000
2009,10,10,10/10/2009,511000
2009,10,17,10/17/2009,531000
2009,10,24,10/24/2009,530000
2009,10,31,10/31/2009,522000
2009,11,7,11/7/2009,512000
2009,11,14,11/14/2009,507000
2009,11,21,11/21/2009,482000
2009,11,28,11/28/2009,475000
2009,12,5,12/5/2009,497000
2009,12,12,12/12/2009,498000
2009,12,19,12/19/2009,479000
2009,12,26,12/26/2009,468000
2010,1,2,1/2/2010,456000
2010,1,9,1/9/2010,469000
2010,1,16,1/16/2010,507000
2010,1,23,1/23/2010,471000
2010,1,30,1/30/2010,496000
2010,2,6,2/6/2010,466000
2010,2,13,2/13/2010,489000
2010,2,20,2/20/2010,500000
2010,2,27,2/27/2010,488000
2010,3,6,3/6/2010,472000
2010,3,13,3/13/2010,478000
2010,3,20,3/20/2010,472000
2010,3,27,3/27/2010,459000
2010,4,3,4/3/2010,479000
2010,4,10,4/10/2010,479000
2010,4,17,4/17/2010,469000
2010,4,24,4/24/2010,449000
2010,5,1,5/1/2010,451000
2010,5,8,5/8/2010,451000
2010,5,15,5/15/2010,474000
2010,5,22,5/22/2010,463000
2010,5,29,5/29/2010,458000
2010,6,5,6/5/2010,459000
2010,6,12,6/12/2010,467000
2010,6,19,6/19/2010,452000
2010,6,26,6/26/2010,464000
2010,7,3,7/3/2010,454000
2010,7,10,7/10/2010,439000
2010,7,17,7/17/2010,462000
2010,7,24,7/24/2010,465000
2010,7,31,7/31/2010,476000
2010,8,7,8/7/2010,483000
2010,8,14,8/14/2010,486000
2010,8,21,8/21/2010,464000
2010,8,28,8/28/2010,467000
2010,9,4,9/4/2010,452000
2010,9,11,9/11/2010,444000
2010,9,18,9/18/2010,459000
2010,9,25,9/25/2010,459000
2010,10,2,10/2/2010,446000
2010,10,9,10/9/2010,459000
2010,10,16,10/16/2010,444000
2010,10,23,10/23/2010,432000
2010,10,30,10/30/2010,453000
2010,11,6,11/6/2010,434000
2010,11,13,11/13/2010,432000
2010,11,20,11/20/2010,407000
2010,11,27,11/27/2010,432000
2010,12,4,12/4/2010,428000
2010,12,11,12/11/2010,425000
2010,12,18,12/18/2010,424000
2010,12,25,12/25/2010,404000
2011,1,1,1/1/2011,413000
2011,1,8,1/8/2011,434000
2011,1,15,1/15/2011,421000
2011,1,22,1/22/2011,446000
2011,1,29,1/29/2011,420000
2011,2,5,2/5/2011,402000
2011,2,12,2/12/2011,425000
2011,2,19,2/19/2011,394000
2011,2,26,2/26/2011,385000
2011,3,5,3/5/2011,414000
2011,3,12,3/12/2011,404000
2011,3,19,3/19/2011,407000
2011,3,26,3/26/2011,399000
2011,4,2,4/2/2011,395000
2011,4,9,4/9/2011,416000
2011,4,16,4/16/2011,402000
2011,4,23,4/23/2011,422000
2011,4,30,4/30/2011,468000
2011,5,7,5/7/2011,435000
2011,5,14,5/14/2011,414000
2011,5,21,5/21/2011,423000
2011,5,28,5/28/2011,418000
2011,6,4,6/4/2011,423000
2011,6,11,6/11/2011,413000
2011,6,18,6/18/2011,416000
2011,6,25,6/25/2011,421000
2011,7,2,7/2/2011,418000
2011,7,9,7/9/2011,408000
2011,7,16,7/16/2011,420000
2011,7,23,7/23/2011,411000
2011,7,30,7/30/2011,406000
2011,8,6,8/6/2011,405000
2011,8,13,8/13/2011,409000
2011,8,20,8/20/2011,415000
2011,8,27,8/27/2011,409000
2011,9,3,9/3/2011,414000
2011,9,10,9/10/2011,429000
2011,9,17,9/17/2011,422000
2011,9,24,9/24/2011,406000
2011,10,1,10/1/2011,405000
2011,10,8,10/8/2011,410000
2011,10,15,10/15/2011,395000
2011,10,22,10/22/2011,403000
2011,10,29,10/29/2011,399000
2011,11,5,11/5/2011,392000
2011,11,12,11/12/2011,383000
2011,11,19,11/19/2011,385000
2011,11,26,11/26/2011,397000
2011,12,3,12/3/2011,387000
2011,12,10,12/10/2011,368000
2011,12,17,12/17/2011,368000
2011,12,24,12/24/2011,386000
2011,12,31,12/31/2011,376000
2012,1,7,1/7/2012,391000
2012,1,14,1/14/2012,367000
2012,1,21,1/21/2012,381000
2012,1,28,1/28/2012,372000
2012,2,4,2/4/2012,368000
2012,2,11,2/11/2012,361000
2012,2,18,2/18/2012,359000
2012,2,25,2/25/2012,365000
2012,3,3,3/3/2012,375000
2012,3,10,3/10/2012,369000
2012,3,17,3/17/2012,368000
2012,3,24,3/24/2012,363000
2012,3,31,3/31/2012,358000
2012,4,7,4/7/2012,387000
2012,4,14,4/14/2012,381000
2012,4,21,4/21/2012,387000
2012,4,28,4/28/2012,372000
2012,5,5,5/5/2012,373000
2012,5,12,5/12/2012,369000
2012,5,19,5/19/2012,371000
2012,5,26,5/26/2012,381000
2012,6,2,6/2/2012,377000
2012,6,9,6/9/2012,383000
2012,6,16,6/16/2012,384000
2012,6,23,6/23/2012,380000
2012,6,30,6/30/2012,372000
2012,7,7,7/7/2012,360000
2012,7,14,7/14/2012,390000
2012,7,21,7/21/2012,368000
2012,7,28,7/28/2012,372000
2012,8,4,8/4/2012,371000
2012,8,11,8/11/2012,369000
2012,8,18,8/18/2012,376000
2012,8,25,8/25/2012,377000
2012,9,1,9/1/2012,371000
2012,9,8,9/8/2012,393000
2012,9,15,9/15/2012,392000
2012,9,22,9/22/2012,377000
2012,9,29,9/29/2012,376000
2012,10,6,10/6/2012,350000
2012,10,13,10/13/2012,386000
2012,10,20,10/20/2012,374000
2012,10,27,10/27/2012,364000
2012,11,3,11/3/2012,365000
2012,11,10,11/10/2012,446000
2012,11,17,11/17/2012,406000
2012,11,24,11/24/2012,388000
2012,12,1,12/1/2012,375000
2012,12,8,12/8/2012,340000
2012,12,15,12/15/2012,356000
2012,12,22,12/22/2012,362000
2012,12,29,12/29/2012,362000
2013,1,5,1/5/2013,363000
2013,1,12,1/12/2013,344000
2013,1,19,1/19/2013,339000
2013,1,26,1/26/2013,366000
2013,2,2,2/2/2013,361000
2013,2,9,2/9/2013,347000
2013,2,16,2/16/2013,362000
2013,2,23,2/23/2013,342000
2013,3,2,3/2/2013,340000
2013,3,9,3/9/2013,343000
2013,3,16,3/16/2013,343000
2013,3,23,3/23/2013,358000
2013,3,30,3/30/2013,375000
2013,4,6,4/6/2013,359000
2013,4,13,4/13/2013,356000
2013,4,20,4/20/2013,343000
2013,4,27,4/27/2013,331000
2013,5,4,5/4/2013,335000
2013,5,11,5/11/2013,360000
2013,5,18,5/18/2013,343000
2013,5,25,5/25/2013,353000
2013,6,1,6/1/2013,346000
2013,6,8,6/8/2013,337000
2013,6,15,6/15/2013,353000
2013,6,22,6/22/2013,347000
2013,6,29,6/29/2013,340000
2013,7,6,7/6/2013,351000
2013,7,13,7/13/2013,344000
2013,7,20,7/20/2013,355000
2013,7,27,7/27/2013,334000
2013,8,3,8/3/2013,339000
2013,8,10,8/10/2013,327000
2013,8,17,8/17/2013,340000
2013,8,24,8/24/2013,336000
2013,8,31,8/31/2013,325000
2013,9,7,9/7/2013,300000
2013,9,14,9/14/2013,323000
2013,9,21,9/21/2013,314000
2013,9,28,9/28/2013,319000
2013,10,5,10/5/2013,368000
2013,10,12,10/12/2013,368000
2013,10,19,10/19/2013,351000
2013,10,26,10/26/2013,347000
2013,11,2,11/2/2013,342000
2013,11,9,11/9/2013,340000
2013,11,16,11/16/2013,331000
2013,11,23,11/23/2013,316000
2013,11,30,11/30/2013,312000
2013,12,7,12/7/2013,354000
2013,12,14,12/14/2013,364000
2013,12,21,12/21/2013,334000
2013,12,28,12/28/2013,332000
2014,1,4,1/4/2014,322000
2014,1,11,1/11/2014,318000
2014,1,18,1/18/2014,327000
2014,1,25,1/25/2014,340000
2014,2,1,2/1/2014,331000
2014,2,8,2/8/2014,337000
2014,2,15,2/15/2014,332000
2014,2,22,2/22/2014,341000
2014,3,1,3/1/2014,319000
2014,3,8,3/8/2014,322000
2014,3,15,3/15/2014,321000
2014,3,22,3/22/2014,313000
2014,3,29,3/29/2014,330000
2014,4,5,4/5/2014,311000
2014,4,12,4/12/2014,308000
2014,4,19,4/19/2014,327000
2014,4,26,4/26/2014,345000
2014,5,3,5/3/2014,325000
2014,5,10,5/10/2014,303000
2014,5,17,5/17/2014,324000
2014,5,24,5/24/2014,305000
2014,5,31,5/31/2014,312000
2014,6,7,6/7/2014,317000
2014,6,14,6/14/2014,314000
2014,6,21,6/21/2014,315000
2014,6,28,6/28/2014,308000
2014,7,5,7/5/2014,302000
2014,7,12,7/12/2014,308000
2014,7,19,7/19/2014,294000
2014,7,26,7/26/2014,303000
2014,8,2,8/2/2014,295000
2014,8,9,8/9/2014,309000
2014,8,16,8/16/2014,303000
2014,8,23,8/23/2014,300000
2014,8,30,8/30/2014,303000
2014,9,6,9/6/2014,307000
2014,9,13,9/13/2014,288000
2014,9,20,9/20/2014,295000
2014,9,27,9/27/2014,290000
2014,10,4,10/4/2014,293000
2014,10,11,10/11/2014,281000
2014,10,18,10/18/2014,290000
2014,10,25,10/25/2014,291000
2014,11,1,11/1/2014,280000
2014,11,8,11/8/2014,291000
2014,11,15,11/15/2014,293000
2014,11,22,11/22/2014,303000
2014,11,29,11/29/2014,291000
2014,12,6,12/6/2014,291000
2014,12,13,12/13/2014,286000
2014,12,20,12/20/2014,276000
2014,12,27,12/27/2014,285000
2015,1,3,1/3/2015,294000
2015,1,10,1/10/2015,304000
2015,1,17,1/17/2015,298000
2015,1,24,1/24/2015,261000
2015,1,31,1/31/2015,281000
2015,2,7,2/7/2015,298000
2015,2,14,2/14/2015,285000
2015,2,21,2/21/2015,305000
2015,2,28,2/28/2015,317000
2015,3,7,3/7/2015,293000
2015,3,14,3/14/2015,290000
2015,3,21,3/21/2015,284000
2015,3,28,3/28/2015,269000
2015,4,4,4/4/2015,282000
2015,4,11,4/11/2015,298000
2015,4,18,4/18/2015,295000
2015,4,25,4/25/2015,269000
2015,5,2,5/2/2015,267000
2015,5,9,5/9/2015,271000
2015,5,16,5/16/2015,276000
2015,5,23,5/23/2015,281000
2015,5,30,5/30/2015,275000
2015,6,6,6/6/2015,278000
2015,6,13,6/13/2015,269000
2015,6,20,6/20/2015,273000
2015,6,27,6/27/2015,275000
2015,7,4,7/4/2015,292000
2015,7,11,7/11/2015,285000
2015,7,18,7/18/2015,265000
2015,7,25,7/25/2015,269000
2015,8,1,8/1/2015,270000
2015,8,8,8/8/2015,274000
2015,8,15,8/15/2015,279000
2015,8,22,8/22/2015,274000
2015,8,29,8/29/2015,279000
2015,9,5,9/5/2015,273000
2015,9,12,9/12/2015,264000
2015,9,19,9/19/2015,269000
2015,9,26,9/26/2015,272000
2015,10,3,10/3/2015,267000
2015,10,10,10/10/2015,265000
2015,10,17,10/17/2015,264000
2015,10,24,10/24/2015,264000
2015,10,31,10/31/2015,275000
2015,11,7,11/7/2015,276000
2015,11,14,11/14/2015,272000
2015,11,21,11/21/2015,261000
2015,11,28,11/28/2015,265000
2015,12,5,12/5/2015,280000
2015,12,12,12/12/2015,268000
2015,12,19,12/19/2015,260000
2015,12,26,12/26/2015,276000
2016,1,2,1/2/2016,273000
2016,1,9,1/9/2016,284000
2016,1,16,1/16/2016,290000
2016,1,23,1/23/2016,269000
2016,1,30,1/30/2016,281000
2016,2,6,2/6/2016,265000
2016,2,13,2/13/2016,263000
2016,2,20,2/20/2016,272000
2016,2,27,2/27/2016,269000
2016,3,5,3/5/2016,257000
2016,3,12,3/12/2016,263000
2016,3,19,3/19/2016,264000
2016,3,26,3/26/2016,273000
2016,4,2,4/2/2016,272000
2016,4,9,4/9/2016,263000
2016,4,16,4/16/2016,255000
2016,4,23,4/23/2016,259000
2016,4,30,4/30/2016,277000
2016,5,7,5/7/2016,290000
2016,5,14,5/14/2016,279000
2016,5,21,5/21/2016,268000
2016,5,28,5/28/2016,264000
2016,6,4,6/4/2016,265000
2016,6,11,6/11/2016,273000
2016,6,18,6/18/2016,261000
2016,6,25,6/25/2016,262000
2016,7,2,7/2/2016,256000
2016,7,9,7/9/2016,257000
2016,7,16,7/16/2016,260000
2016,7,23,7/23/2016,264000
2016,7,30,7/30/2016,266000
2016,8,6,8/6/2016,266000
2016,8,13,8/13/2016,265000
2016,8,20,8/20/2016,265000
2016,8,27,8/27/2016,262000
2016,9,3,9/3/2016,257000
2016,9,10,9/10/2016,253000
2016,9,17,9/17/2016,252000
2016,9,24,9/24/2016,247000
2016,10,1,10/1/2016,246000
2016,10,8,10/8/2016,251000
2016,10,15,10/15/2016,264000
2016,10,22,10/22/2016,257000
2016,10,29,10/29/2016,265000
2016,11,5,11/5/2016,251000
2016,11,12,11/12/2016,232000
2016,11,19,11/19/2016,248000
2016,11,26,11/26/2016,260000
2016,12,3,12/3/2016,252000
2016,12,10,12/10/2016,251000
2016,12,17,12/17/2016,262000
2016,12,24,12/24/2016,254000
2016,12,31,12/31/2016,236000
2017,1,7,1/7/2017,244000
2017,1,14,1/14/2017,246000
2017,1,21,1/21/2017,256000
2017,1,28,1/28/2017,241000
2017,2,4,2/4/2017,236000
2017,2,11,2/11/2017,242000
2017,2,18,2/18/2017,247000
2017,2,25,2/25/2017,232000
2017,3,4,3/4/2017,246000
2017,3,11,3/11/2017,244000
2017,3,18,3/18/2017,255000
2017,3,25,3/25/2017,256000
2017,4,1,4/1/2017,236000
2017,4,8,4/8/2017,237000
2017,4,15,4/15/2017,244000
2017,4,22,4/22/2017,251000
2017,4,29,4/29/2017,241000
2017,5,6,5/6/2017,237000
2017,5,13,5/13/2017,237000
2017,5,20,5/20/2017,234000
2017,5,27,5/27/2017,251000
2017,6,3,6/3/2017,244000
2017,6,10,6/10/2017,238000
2017,6,17,6/17/2017,243000
2017,6,24,6/24/2017,237000
2017,7,1,7/1/2017,248000
2017,7,8,7/8/2017,248000
2017,7,15,7/15/2017,241000
2017,7,22,7/22/2017,245000
2017,7,29,7/29/2017,242000
2017,8,5,8/5/2017,246000
2017,8,12,8/12/2017,236000
2017,8,19,8/19/2017,241000
2017,8,26,8/26/2017,239000
2017,9,2,9/2/2017,299000
2017,9,9,9/9/2017,275000
2017,9,16,9/16/2017,260000
2017,9,23,9/23/2017,262000
2017,9,30,9/30/2017,255000
2017,10,7,10/7/2017,246000
2017,10,14,10/14/2017,232000
2017,10,21,10/21/2017,236000
2017,10,28,10/28/2017,235000
2017,11,4,11/4/2017,240000
2017,11,11,11/11/2017,246000
2017,11,18,11/18/2017,238000
2017,11,25,11/25/2017,237000
2017,12,2,12/2/2017,235000
2017,12,9,12/9/2017,226000
2017,12,16,12/16/2017,242000
2017,12,23,12/23/2017,242000
2017,12,30,12/30/2017,243000
2018,1,6,1/6/2018,251000
2018,1,13,1/13/2018,229000
2018,1,20,1/20/2018,237000
2018,1,27,1/27/2018,221000
2018,2,3,2/3/2018,221000
2018,2,10,2/10/2018,224000
2018,2,17,2/17/2018,220000
2018,2,24,2/24/2018,215000
2018,3,3,3/3/2018,226000
2018,3,10,3/10/2018,223000
2018,3,17,3/17/2018,224000
2018,3,24,3/24/2018,220000
2018,3,31,3/31/2018,237000
2018,4,7,4/7/2018,234000
2018,4,14,4/14/2018,235000
2018,4,21,4/21/2018,207000
2018,4,28,4/28/2018,212000
2018,5,5,5/5/2018,210000
2018,5,12,5/12/2018,224000
2018,5,19,5/19/2018,230000
2018,5,26,5/26/2018,221000
2018,6,2,6/2/2018,221000
2018,6,9,6/9/2018,218000
2018,6,16,6/16/2018,220000
2018,6,23,6/23/2018,220000
2018,6,30,6/30/2018,228000
2018,7,7,7/7/2018,215000
2018,7,14,7/14/2018,212000
2018,7,21,7/21/2018,220000
2018,7,28,7/28/2018,218000
2018,8,4,8/4/2018,218000
2018,8,11,8/11/2018,213000
2018,8,18,8/18/2018,216000
2018,8,25,8/25/2018,214000
2018,9,1,9/1/2018,210000
2018,9,8,9/8/2018,211000
2018,9,15,9/15/2018,213000
2018,9,22,9/22/2018,212000
2018,9,29,9/29/2018,217000
2018,10,6,10/6/2018,213000
2018,10,13,10/13/2018,213000
2018,10,20,10/20/2018,219000
2018,10,27,10/27/2018,217000
2018,11,3,11/3/2018,217000
2018,11,10,11/10/2018,218000
2018,11,17,11/17/2018,222000
2018,11,24,11/24/2018,232000
2018,12,1,12/1/2018,232000
2018,12,8,12/8/2018,203000
2018,12,15,12/15/2018,216000
2018,12,22,12/22/2018,219000
2018,12,29,12/29/2018,228000
2019,1,5,1/5/2019,220000
2019,1,12,1/12/2019,216000
2019,1,19,1/19/2019,209000
2019,1,26,1/26/2019,236000
2019,2,2,2/2/2019,230000
2019,2,9,2/9/2019,228000
2019,2,16,2/16/2019,218000
2019,2,23,2/23/2019,224000
2019,3,2,3/2/2019,220000
2019,3,9,3/9/2019,224000
2019,3,16,3/16/2019,219000
2019,3,23,3/23/2019,215000
2019,3,30,3/30/2019,211000
2019,4,6,4/6/2019,203000
2019,4,13,4/13/2019,203000
2019,4,20,4/20/2019,226000
2019,4,27,4/27/2019,230000
2019,5,4,5/4/2019,225000
2019,5,11,5/11/2019,217000
2019,5,18,5/18/2019,213000
2019,5,25,5/25/2019,218000
2019,6,1,6/1/2019,220000
2019,6,8,6/8/2019,220000
2019,6,15,6/15/2019,219000
2019,6,22,6/22/2019,224000
2019,6,29,6/29/2019,222000
2019,7,6,7/6/2019,211000
2019,7,13,7/13/2019,217000
2019,7,20,7/20/2019,211000
2019,7,27,7/27/2019,216000
2019,8,3,8/3/2019,214000
2019,8,10,8/10/2019,218000
2019,8,17,8/17/2019,215000
2019,8,24,8/24/2019,215000
2019,8,31,8/31/2019,219000
2019,9,7,9/7/2019,208000
2019,9,14,9/14/2019,211000
2019,9,21,9/21/2019,215000
2019,9,28,9/28/2019,218000
2019,10,5,10/5/2019,212000
2019,10,12,10/12/2019,218000
2019,10,19,10/19/2019,213000
2019,10,26,10/26/2019,217000
2019,11,2,11/2/2019,212000
2019,11,9,11/9/2019,222000
2019,11,16,11/16/2019,223000
2019,11,23,11/23/2019,211000
2019,11,30,11/30/2019,206000
2019,12,7,12/7/2019,237000
2019,12,14,12/14/2019,229000
2019,12,21,12/21/2019,218000
2019,12,28,12/28/2019,220000
2020,1,4,1/4/2020,212000
2020,1,11,1/11/2020,207000
2020,1,18,1/18/2020,220000
2020,1,25,1/25/2020,212000
2020,2,1,2/1/2020,201000
2020,2,8,2/8/2020,204000
2020,2,15,2/15/2020,215000
2020,2,22,2/22/2020,220000
2020,2,29,2/29/2020,217000
2020,3,7,3/7/2020,211000
2020,3,14,3/14/2020,282000
2020,3,21,3/21/2020,3307000
2020,3,28,3/28/2020,6867000
2020,4,4,4/4/2020,6615000
2020,4,11,4/11/2020,5237000
2020,4,18,4/18/2020,4442000
2020,4,25,4/25/2020,3867000
2020,5,2,5/2/2020,3176000
2020,5,9,5/9/2020,2687000
2020,5,16,5/16/2020,2446000
2020,5,23,5/23/2020,2123000
2020,5,30,5/30/2020,1897000
2020,6,6,6/6/2020,1566000
2020,6,13,6/13/2020,1540000
2020,6,20,6/20/2020,1482000
2020,6,27,6/27/2020,1408000
2020,7,4,7/4/2020,1310000
2020,7,11,7/11/2020,1308000
2020,7,18,7/18/2020,1422000
2020,7,25,7/25/2020,1435000
2020,8,1,8/1/2020,1191000
2020,8,8,8/8/2020,971000
2020,8,15,8/15/2020,1104000
2020,8,22,8/22/2020,1011000
2020,8,29,8/29/2020,881000